,image,dark_corner,hair,gel_border,gel_bubble,ruler,ink,patches,vasc,label,label_string
0,ISIC_0000000.png,0,0,0,0,0,0,0,0,0,benign
1,ISIC_0000001.png,0,1,0,1,0,0,0,0,0,benign
2,ISIC_0000003.png,0,1,0,1,0,0,0,0,0,benign
3,ISIC_0000004.png,1,1,0,1,1,0,0,0,1,malignant
6,ISIC_0000008.png,0,0,0,0,0,0,0,1,0,benign
7,ISIC_0000009.png,1,1,0,0,0,0,0,0,0,benign
8,ISIC_0000011.png,1,1,0,0,0,0,0,0,0,benign
9,ISIC_0000012.png,1,1,0,1,0,0,0,0,0,benign
10,ISIC_0000013.png,0,0,0,0,0,0,0,0,1,malignant
11,ISIC_0000014.png,1,0,0,1,0,0,0,0,0,benign
12,ISIC_0000015.png,1,1,0,0,0,0,0,1,0,benign
13,ISIC_0000016.png,0,0,0,0,0,0,0,0,0,benign
14,ISIC_0000017.png,0,0,0,1,0,0,0,0,0,benign
15,ISIC_0000018.png,0,1,0,0,0,0,0,0,0,benign
16,ISIC_0000019.png,0,1,0,0,0,0,0,0,0,benign
17,ISIC_0000020.png,0,1,0,1,0,0,0,0,0,benign
18,ISIC_0000021.png,0,1,0,0,0,1,0,1,0,benign
20,ISIC_0000023.png,0,1,0,1,0,0,0,1,0,benign
21,ISIC_0000024.png,0,1,0,1,0,0,0,1,0,benign
22,ISIC_0000025.png,0,0,0,0,0,0,0,1,0,benign
23,ISIC_0000026.png,0,0,0,0,0,0,0,0,1,malignant
24,ISIC_0000027.png,0,1,0,0,0,0,0,0,0,benign
25,ISIC_0000028.png,0,0,0,1,0,0,0,0,0,benign
27,ISIC_0000030.png,1,0,0,0,0,0,0,0,1,malignant
28,ISIC_0000031.png,1,0,0,1,0,0,0,1,1,malignant
29,ISIC_0000032.png,0,1,0,1,0,0,0,0,0,benign
30,ISIC_0000034.png,1,1,0,0,0,0,0,0,0,benign
31,ISIC_0000035.png,1,0,0,1,0,0,0,0,1,malignant
32,ISIC_0000036.png,1,1,0,0,1,0,0,0,1,malignant
34,ISIC_0000038.png,0,0,0,1,0,0,0,0,0,benign
35,ISIC_0000039.png,0,1,0,1,0,0,0,0,0,benign
36,ISIC_0000040.png,1,0,0,0,0,0,0,0,1,malignant
37,ISIC_0000041.png,0,0,0,0,0,0,0,0,0,benign
38,ISIC_0000042.png,0,1,0,0,0,0,0,0,0,benign
39,ISIC_0000043.png,1,1,0,0,0,0,0,0,1,malignant
40,ISIC_0000044.png,1,1,0,1,0,0,0,0,0,benign
41,ISIC_0000045.png,1,1,0,0,0,0,0,0,0,benign
42,ISIC_0000046.png,1,1,0,0,0,0,0,0,1,malignant
43,ISIC_0000047.png,0,1,0,1,0,0,0,0,0,benign
44,ISIC_0000048.png,0,1,0,0,0,0,0,0,0,benign
45,ISIC_0000049.png,0,0,0,0,0,0,0,0,1,malignant
46,ISIC_0000050.png,0,1,0,0,0,0,0,0,0,benign
47,ISIC_0000051.png,0,0,0,1,0,0,0,1,0,benign
48,ISIC_0000052.png,0,0,0,1,0,0,0,0,0,benign
49,ISIC_0000053.png,0,1,0,0,0,0,0,1,0,benign
50,ISIC_0000054.png,0,0,0,0,0,0,0,0,1,malignant
51,ISIC_0000055.png,0,1,0,0,0,0,0,0,0,benign
53,ISIC_0000057.png,0,1,0,0,0,0,0,0,0,benign
54,ISIC_0000058.png,0,1,0,0,0,0,0,0,0,benign
55,ISIC_0000059.png,0,1,0,0,0,0,0,0,0,benign
56,ISIC_0000060.png,0,1,0,0,0,0,0,0,0,benign
57,ISIC_0000061.png,0,0,0,1,0,0,0,0,0,benign
58,ISIC_0000062.png,0,1,0,0,0,0,0,0,0,benign
59,ISIC_0000063.png,0,1,0,1,0,0,0,1,0,benign
60,ISIC_0000064.png,0,1,0,1,0,0,0,0,0,benign
61,ISIC_0000065.png,0,1,0,1,0,0,0,0,0,benign
62,ISIC_0000066.png,0,1,0,0,0,0,0,0,0,benign
63,ISIC_0000067.png,0,1,0,0,0,0,0,0,0,benign
64,ISIC_0000068.png,1,1,0,0,0,0,0,0,0,benign
65,ISIC_0000069.png,1,1,0,0,0,0,0,0,0,benign
66,ISIC_0000071.png,1,1,0,0,1,0,0,0,0,benign
67,ISIC_0000072.png,1,0,0,0,0,0,0,0,0,benign
69,ISIC_0000074.png,1,1,0,0,0,0,0,0,1,malignant
71,ISIC_0000077.png,1,0,0,0,0,0,0,0,1,malignant
72,ISIC_0000078.png,1,1,0,0,0,0,0,0,1,malignant
73,ISIC_0000079.png,1,1,0,0,0,0,0,0,0,benign
75,ISIC_0000081.png,0,1,0,0,0,0,0,0,0,benign
76,ISIC_0000082.png,0,1,0,0,0,0,0,0,0,benign
77,ISIC_0000085.png,0,0,0,1,1,0,0,0,0,benign
78,ISIC_0000086.png,0,1,0,1,1,0,0,0,0,benign
79,ISIC_0000087.png,0,1,0,1,0,0,0,0,0,benign
80,ISIC_0000088.png,0,1,0,1,0,0,0,0,0,benign
81,ISIC_0000089.png,0,0,0,1,0,0,0,0,0,benign
83,ISIC_0000092.png,0,1,0,0,0,0,0,0,0,benign
84,ISIC_0000093.png,0,0,0,1,1,0,0,0,0,benign
85,ISIC_0000094.png,0,1,0,1,1,0,0,0,0,benign
86,ISIC_0000095.png,0,1,0,0,1,0,0,0,0,benign
87,ISIC_0000096.png,0,0,0,1,0,0,0,0,0,benign
88,ISIC_0000097.png,1,1,0,1,1,0,0,0,0,benign
89,ISIC_0000098.png,1,1,0,0,1,0,0,0,0,benign
92,ISIC_0000101.png,1,1,0,1,1,0,0,0,0,benign
93,ISIC_0000102.png,0,1,0,1,0,0,0,1,0,benign
94,ISIC_0000103.png,0,1,0,1,0,0,0,0,0,benign
95,ISIC_0000104.png,1,1,0,1,1,0,0,0,0,benign
96,ISIC_0000105.png,0,0,0,1,0,0,0,0,0,benign
97,ISIC_0000107.png,0,0,0,1,1,0,0,0,0,benign
98,ISIC_0000108.png,0,1,0,1,0,0,0,0,0,benign
99,ISIC_0000109.png,0,0,0,1,0,0,0,0,0,benign
100,ISIC_0000110.png,1,0,0,1,1,0,0,0,0,benign
101,ISIC_0000111.png,0,1,0,1,1,0,0,0,0,benign
102,ISIC_0000112.png,1,1,0,1,1,0,0,0,0,benign
103,ISIC_0000113.png,1,1,0,1,0,0,0,0,0,benign
104,ISIC_0000115.png,0,1,0,1,1,0,0,0,0,benign
105,ISIC_0000116.png,0,0,0,1,0,0,0,1,0,benign
106,ISIC_0000117.png,0,1,0,1,1,0,0,0,0,benign
107,ISIC_0000119.png,0,1,0,1,0,0,0,0,0,benign
108,ISIC_0000120.png,0,0,0,1,0,0,0,0,0,benign
109,ISIC_0000121.png,0,1,0,1,0,0,0,0,0,benign
110,ISIC_0000122.png,0,1,0,1,1,0,0,0,0,benign
111,ISIC_0000123.png,0,1,0,1,1,0,0,0,0,benign
112,ISIC_0000124.png,0,0,0,1,0,0,0,0,0,benign
114,ISIC_0000126.png,0,1,0,0,1,0,0,1,0,benign
115,ISIC_0000127.png,1,1,0,0,0,0,0,0,0,benign
116,ISIC_0000128.png,0,1,0,0,1,0,0,0,0,benign
117,ISIC_0000129.png,1,1,0,0,1,0,0,0,0,benign
118,ISIC_0000131.png,1,0,0,1,1,0,0,0,0,benign
119,ISIC_0000132.png,0,1,0,0,1,0,0,0,0,benign
121,ISIC_0000134.png,1,1,0,1,1,0,0,0,0,benign
122,ISIC_0000135.png,1,1,0,1,0,0,0,0,0,benign
123,ISIC_0000136.png,0,0,0,1,0,0,0,0,0,benign
125,ISIC_0000138.png,0,1,0,1,0,0,0,0,0,benign
127,ISIC_0000140.png,1,1,0,1,1,0,0,0,1,malignant
129,ISIC_0000142.png,0,0,0,0,0,0,0,1,1,malignant
132,ISIC_0000146.png,1,1,0,1,1,0,0,0,1,malignant
135,ISIC_0000149.png,0,0,0,0,1,0,0,1,1,malignant
136,ISIC_0000150.png,0,0,0,1,1,0,0,0,1,malignant
140,ISIC_0000154.png,1,0,0,0,1,0,0,1,1,malignant
141,ISIC_0000155.png,1,0,0,1,1,0,0,0,1,malignant
145,ISIC_0000160.png,1,1,0,0,0,0,0,0,1,malignant
153,ISIC_0000169.png,1,1,0,0,0,0,0,1,1,malignant
154,ISIC_0000170.png,1,1,0,0,0,0,0,0,1,malignant
157,ISIC_0000173.png,1,0,0,0,0,0,0,1,1,malignant
159,ISIC_0000176.png,0,0,0,0,1,0,0,0,1,malignant
160,ISIC_0000177.png,0,1,0,1,0,0,0,0,0,benign
161,ISIC_0000179.png,0,1,0,1,0,0,0,1,0,benign
162,ISIC_0000181.png,0,1,0,1,0,0,0,0,0,benign
163,ISIC_0000182.png,0,1,0,1,0,0,0,0,0,benign
164,ISIC_0000183.png,0,0,0,1,0,0,0,0,0,benign
165,ISIC_0000184.png,0,0,0,1,0,0,0,1,0,benign
166,ISIC_0000185.png,0,1,0,1,0,0,0,0,0,benign
167,ISIC_0000186.png,0,1,0,1,0,0,0,0,0,benign
168,ISIC_0000187.png,0,1,0,0,0,0,0,0,0,benign
169,ISIC_0000188.png,0,1,0,0,0,0,0,0,0,benign
170,ISIC_0000189.png,0,1,0,1,0,0,0,0,0,benign
171,ISIC_0000190.png,0,1,0,0,0,0,0,0,0,benign
172,ISIC_0000191.png,0,1,0,1,0,0,0,1,0,benign
173,ISIC_0000192.png,0,1,0,1,0,0,0,1,0,benign
174,ISIC_0000193.png,0,1,0,1,0,0,0,1,0,benign
175,ISIC_0000196.png,0,1,0,1,0,0,0,0,0,benign
176,ISIC_0000197.png,0,1,0,0,0,0,0,0,0,benign
177,ISIC_0000198.png,0,0,0,0,0,0,0,0,0,benign
178,ISIC_0000199.png,0,1,0,0,0,0,0,0,0,benign
179,ISIC_0000200.png,0,1,0,1,0,0,0,0,0,benign
180,ISIC_0000201.png,0,1,0,1,0,0,0,0,0,benign
181,ISIC_0000202.png,0,1,0,1,0,0,0,0,0,benign
182,ISIC_0000203.png,0,0,0,1,0,0,0,0,0,benign
183,ISIC_0000204.png,0,1,0,1,0,0,0,0,0,benign
184,ISIC_0000205.png,0,0,0,1,0,0,0,0,0,benign
185,ISIC_0000206.png,0,1,0,0,0,0,0,0,0,benign
186,ISIC_0000207.png,0,1,0,1,0,0,0,0,0,benign
187,ISIC_0000208.png,0,0,0,0,0,0,0,0,0,benign
188,ISIC_0000209.png,0,1,0,0,0,0,0,0,0,benign
189,ISIC_0000210.png,1,1,0,0,0,0,0,0,0,benign
190,ISIC_0000211.png,0,1,0,1,0,0,0,0,0,benign
191,ISIC_0000212.png,1,1,0,0,0,0,0,0,0,benign
192,ISIC_0000213.png,0,0,0,0,0,0,0,0,0,benign
193,ISIC_0000214.png,0,1,0,1,0,0,0,0,0,benign
194,ISIC_0000215.png,0,1,0,1,0,0,0,0,0,benign
195,ISIC_0000216.png,0,1,0,1,0,0,0,0,0,benign
196,ISIC_0000217.png,0,1,0,1,0,0,0,0,0,benign
197,ISIC_0000218.png,0,1,0,1,0,0,0,0,0,benign
198,ISIC_0000219.png,0,1,0,1,0,0,0,0,0,benign
199,ISIC_0000220.png,0,1,0,1,0,0,0,0,0,benign
200,ISIC_0000221.png,0,1,0,1,0,0,0,0,0,benign
201,ISIC_0000222.png,0,1,0,0,0,0,0,0,0,benign
202,ISIC_0000223.png,0,0,0,1,0,0,0,0,0,benign
203,ISIC_0000224.png,0,1,0,0,0,0,0,0,0,benign
204,ISIC_0000225.png,0,1,0,0,0,0,0,1,0,benign
205,ISIC_0000226.png,0,0,0,1,0,0,0,0,0,benign
206,ISIC_0000227.png,0,1,0,1,0,0,0,1,0,benign
207,ISIC_0000228.png,0,1,0,1,0,0,0,0,0,benign
208,ISIC_0000229.png,1,1,0,1,0,0,0,0,0,benign
209,ISIC_0000230.png,0,1,0,1,0,0,0,0,0,benign
210,ISIC_0000231.png,0,1,0,0,1,0,0,0,0,benign
211,ISIC_0000232.png,0,0,0,1,0,0,0,1,0,benign
212,ISIC_0000233.png,0,0,0,1,0,0,0,0,0,benign
213,ISIC_0000234.png,0,1,0,1,0,0,0,0,0,benign
214,ISIC_0000235.png,0,0,0,0,0,0,0,0,0,benign
215,ISIC_0000236.png,0,0,0,1,0,0,0,0,0,benign
216,ISIC_0000239.png,0,1,0,0,0,0,0,0,0,benign
217,ISIC_0000240.png,0,1,0,0,0,0,0,1,0,benign
218,ISIC_0000242.png,1,1,0,0,0,0,0,0,0,benign
219,ISIC_0000243.png,0,0,0,0,0,0,0,0,0,benign
220,ISIC_0000244.png,0,1,0,0,0,0,0,1,0,benign
221,ISIC_0000245.png,0,0,0,0,0,0,0,0,0,benign
222,ISIC_0000246.png,0,0,0,0,0,0,0,0,0,benign
223,ISIC_0000247.png,1,1,0,0,0,0,0,1,0,benign
225,ISIC_0000250.png,0,1,0,0,0,0,0,0,0,benign
227,ISIC_0000252.png,1,1,0,0,0,0,0,0,0,benign
228,ISIC_0000253.png,1,1,0,0,0,0,0,0,0,benign
229,ISIC_0000254.png,1,0,0,0,0,0,0,1,0,benign
230,ISIC_0000255.png,1,0,0,0,0,0,0,0,0,benign
231,ISIC_0000256.png,0,1,0,0,0,0,0,1,0,benign
233,ISIC_0000259.png,0,1,0,0,0,0,0,0,0,benign
234,ISIC_0000260.png,0,1,0,0,0,0,0,0,0,benign
235,ISIC_0000261.png,0,0,0,0,0,0,0,0,0,benign
236,ISIC_0000262.png,0,1,0,0,0,0,0,0,0,benign
237,ISIC_0000263.png,0,1,0,0,0,0,0,0,0,benign
238,ISIC_0000264.png,0,1,0,0,0,0,0,0,0,benign
239,ISIC_0000265.png,0,1,0,1,0,0,0,0,0,benign
240,ISIC_0000268.png,0,1,0,0,1,0,0,0,0,benign
241,ISIC_0000269.png,1,1,0,0,0,0,0,0,0,benign
242,ISIC_0000271.png,0,1,0,1,0,0,0,0,0,benign
245,ISIC_0000276.png,1,0,0,0,1,0,0,0,1,malignant
246,ISIC_0000277.png,1,1,0,1,1,0,0,0,1,malignant
247,ISIC_0000278.png,0,0,0,0,0,0,0,1,1,malignant
248,ISIC_0000279.png,0,0,0,0,1,0,0,1,1,malignant
249,ISIC_0000281.png,1,0,0,0,1,0,0,0,1,malignant
250,ISIC_0000282.png,1,0,0,0,1,0,0,0,1,malignant
251,ISIC_0000283.png,1,1,0,0,1,0,0,0,1,malignant
252,ISIC_0000287.png,1,0,0,0,1,0,0,0,1,malignant
254,ISIC_0000290.png,1,0,0,1,1,0,0,0,1,malignant
255,ISIC_0000292.png,0,1,0,0,1,0,0,1,1,malignant
256,ISIC_0000293.png,1,1,0,0,1,0,0,0,1,malignant
257,ISIC_0000294.png,0,0,0,0,0,0,0,1,1,malignant
258,ISIC_0000295.png,1,1,0,0,0,0,0,0,1,malignant
259,ISIC_0000297.png,1,1,0,0,0,0,0,0,1,malignant
260,ISIC_0000298.png,1,0,0,0,0,0,0,0,1,malignant
261,ISIC_0000299.png,1,0,0,1,0,0,0,1,1,malignant
263,ISIC_0000301.png,1,1,0,0,0,0,0,0,1,malignant
264,ISIC_0000303.png,1,0,0,1,0,0,0,0,1,malignant
265,ISIC_0000306.png,1,1,0,0,0,0,0,0,1,malignant
266,ISIC_0000307.png,1,0,0,0,0,0,0,0,1,malignant
267,ISIC_0000310.png,1,0,0,1,0,0,0,0,1,malignant
268,ISIC_0000311.png,1,0,0,0,0,0,0,1,1,malignant
269,ISIC_0000313.png,1,1,0,0,0,0,0,0,1,malignant
270,ISIC_0000314.png,1,0,0,1,0,0,0,0,1,malignant
271,ISIC_0000315.png,1,1,0,0,0,0,0,0,0,benign
272,ISIC_0000316.png,1,0,0,0,0,0,0,1,0,benign
273,ISIC_0000317.png,1,1,0,0,0,0,0,1,0,benign
274,ISIC_0000319.png,1,1,0,0,0,0,0,0,0,benign
275,ISIC_0000320.png,1,1,0,0,0,0,0,0,0,benign
276,ISIC_0000321.png,1,1,0,0,0,0,0,0,0,benign
277,ISIC_0000322.png,1,1,0,0,0,0,0,0,0,benign
278,ISIC_0000323.png,1,1,0,1,0,0,0,0,0,benign
279,ISIC_0000324.png,1,1,0,0,0,0,0,0,0,benign
280,ISIC_0000325.png,1,1,0,1,0,0,0,0,0,benign
281,ISIC_0000326.png,0,1,0,0,0,1,0,0,0,benign
282,ISIC_0000327.png,1,1,0,0,0,0,0,0,0,benign
283,ISIC_0000328.png,1,1,0,1,0,0,0,1,0,benign
284,ISIC_0000329.png,1,0,0,1,0,0,0,0,0,benign
285,ISIC_0000330.png,1,1,0,1,0,0,0,0,0,benign
286,ISIC_0000331.png,1,1,0,1,0,0,0,0,0,benign
287,ISIC_0000332.png,1,1,0,0,0,0,0,0,0,benign
288,ISIC_0000336.png,1,0,0,1,0,0,0,0,0,benign
289,ISIC_0000337.png,1,1,0,0,0,0,0,1,0,benign
290,ISIC_0000338.png,1,1,0,1,0,0,0,0,0,benign
291,ISIC_0000339.png,1,1,1,0,0,0,0,0,0,benign
292,ISIC_0000340.png,1,0,0,1,0,0,0,0,0,benign
293,ISIC_0000341.png,1,0,0,1,0,0,0,0,0,benign
294,ISIC_0000342.png,1,0,0,1,0,0,0,0,0,benign
296,ISIC_0000344.png,1,0,0,1,0,0,0,0,0,benign
297,ISIC_0000345.png,1,1,0,1,0,0,0,0,0,benign
298,ISIC_0000346.png,1,1,0,1,0,0,0,0,0,benign
299,ISIC_0000348.png,1,1,0,0,0,0,0,0,0,benign
300,ISIC_0000349.png,1,1,0,0,0,0,0,0,0,benign
301,ISIC_0000350.png,1,1,0,1,0,0,0,0,0,benign
302,ISIC_0000351.png,1,1,0,1,0,0,0,0,0,benign
304,ISIC_0000353.png,1,1,0,1,0,0,0,0,0,benign
305,ISIC_0000354.png,0,0,0,0,0,0,0,0,0,benign
306,ISIC_0000355.png,1,1,0,0,0,0,0,0,0,benign
308,ISIC_0000358.png,1,1,0,0,0,0,0,0,0,benign
309,ISIC_0000359.png,1,1,0,0,0,0,0,0,0,benign
310,ISIC_0000360.png,1,1,0,0,0,0,0,0,0,benign
311,ISIC_0000361.png,1,1,0,0,0,0,0,1,0,benign
313,ISIC_0000364.png,1,1,1,0,0,0,0,0,0,benign
314,ISIC_0000365.png,1,1,0,0,0,0,0,1,0,benign
315,ISIC_0000366.png,1,0,0,1,0,0,0,0,0,benign
316,ISIC_0000367.png,1,1,0,0,0,0,0,0,0,benign
317,ISIC_0000368.png,1,1,0,1,0,0,0,0,0,benign
318,ISIC_0000370.png,1,0,0,1,0,0,0,0,0,benign
319,ISIC_0000372.png,1,1,0,1,0,0,0,0,0,benign
320,ISIC_0000374.png,1,1,0,0,0,0,0,0,0,benign
321,ISIC_0000376.png,0,1,0,0,0,0,0,0,0,benign
322,ISIC_0000377.png,0,1,0,0,0,0,0,1,0,benign
323,ISIC_0000378.png,0,1,0,0,0,0,0,0,0,benign
324,ISIC_0000379.png,0,0,0,0,1,0,0,1,0,benign
325,ISIC_0000380.png,0,1,0,0,0,0,0,0,0,benign
326,ISIC_0000381.png,0,0,0,0,0,0,0,0,0,benign
327,ISIC_0000382.png,0,1,0,0,0,0,0,1,0,benign
328,ISIC_0000383.png,0,1,0,0,0,0,0,0,0,benign
329,ISIC_0000384.png,0,0,0,0,0,0,0,0,0,benign
330,ISIC_0000385.png,0,0,0,0,0,0,0,1,0,benign
332,ISIC_0000387.png,0,1,0,0,0,0,0,0,0,benign
333,ISIC_0000388.png,0,0,0,0,0,0,0,1,0,benign
335,ISIC_0000391.png,0,1,0,0,0,0,0,1,0,benign
336,ISIC_0000392.png,0,0,0,0,0,0,0,0,0,benign
338,ISIC_0000395.png,0,0,0,0,1,0,0,1,1,malignant
340,ISIC_0000397.png,0,1,0,0,0,0,0,0,0,benign
342,ISIC_0000407.png,0,1,0,0,1,0,0,1,0,benign
343,ISIC_0000408.png,0,1,0,1,1,0,0,0,0,benign
344,ISIC_0000409.png,0,1,0,0,1,0,0,0,0,benign
345,ISIC_0000410.png,0,0,0,0,0,0,0,1,1,malignant
347,ISIC_0000413.png,1,0,0,0,1,0,0,1,1,malignant
348,ISIC_0000415.png,0,0,0,1,1,0,0,0,1,malignant
349,ISIC_0000416.png,0,0,0,0,0,0,0,1,0,benign
350,ISIC_0000418.png,1,1,0,0,0,0,0,1,0,benign
351,ISIC_0000419.png,0,1,0,0,0,0,0,0,0,benign
352,ISIC_0000420.png,1,0,0,0,1,0,0,0,1,malignant
353,ISIC_0000421.png,0,0,0,0,0,0,0,0,0,benign
354,ISIC_0000423.png,0,0,0,0,0,0,0,0,0,benign
355,ISIC_0000425.png,1,1,0,0,1,0,0,0,0,benign
356,ISIC_0000426.png,0,0,0,1,0,0,0,0,0,benign
357,ISIC_0000427.png,0,1,0,0,0,0,0,1,0,benign
358,ISIC_0000431.png,0,1,0,0,0,0,0,1,0,benign
359,ISIC_0000433.png,0,1,0,0,0,0,0,0,0,benign
360,ISIC_0000434.png,0,0,0,0,0,0,0,0,1,malignant
362,ISIC_0000439.png,0,1,0,0,1,0,0,1,0,benign
364,ISIC_0000443.png,0,1,0,0,1,0,0,0,0,benign
365,ISIC_0000444.png,0,0,0,1,1,0,0,1,1,malignant
367,ISIC_0000448.png,0,1,0,0,1,0,0,1,0,benign
369,ISIC_0000451.png,0,1,0,0,0,0,0,0,0,benign
370,ISIC_0000453.png,0,0,0,0,0,0,0,0,0,benign
371,ISIC_0000455.png,0,1,0,0,0,0,0,0,0,benign
372,ISIC_0000456.png,0,1,0,0,1,0,0,0,0,benign
373,ISIC_0000457.png,0,1,0,0,0,0,0,0,0,benign
374,ISIC_0000458.png,0,1,0,0,1,0,0,0,0,benign
375,ISIC_0000460.png,0,0,0,0,1,0,0,0,0,benign
376,ISIC_0000461.png,0,0,0,0,0,0,0,0,0,benign
377,ISIC_0000463.png,0,1,1,0,0,0,0,0,1,malignant
378,ISIC_0000465.png,0,1,0,0,0,0,0,1,0,benign
379,ISIC_0000466.png,0,0,1,0,0,0,0,0,1,malignant
380,ISIC_0000469.png,0,1,0,0,1,0,0,0,1,malignant
381,ISIC_0000470.png,0,0,0,0,0,0,0,0,0,benign
382,ISIC_0000471.png,0,1,0,0,0,0,0,0,0,benign
383,ISIC_0000473.png,0,1,1,0,1,0,0,1,0,benign
384,ISIC_0000474.png,0,0,0,0,0,0,0,0,0,benign
385,ISIC_0000476.png,0,1,0,0,0,0,0,0,0,benign
386,ISIC_0000477.png,0,1,1,1,0,0,0,1,0,benign
387,ISIC_0000479.png,0,1,0,0,0,0,0,0,0,benign
388,ISIC_0000480.png,0,0,0,0,1,0,0,0,0,benign
389,ISIC_0000481.png,0,1,0,0,0,0,0,1,0,benign
391,ISIC_0000483.png,0,1,0,0,0,0,0,0,0,benign
393,ISIC_0000485.png,0,0,0,1,0,0,0,0,0,benign
394,ISIC_0000486.png,0,1,0,0,0,0,0,0,0,benign
395,ISIC_0000487.png,0,0,1,0,1,0,0,0,1,malignant
396,ISIC_0000488.png,0,1,0,0,0,1,0,0,0,benign
397,ISIC_0000489.png,0,1,0,0,0,0,0,1,0,benign
398,ISIC_0000490.png,0,1,0,0,0,0,0,0,0,benign
399,ISIC_0000491.png,0,1,0,0,0,0,0,0,0,benign
400,ISIC_0000492.png,0,1,0,0,1,0,0,0,0,benign
401,ISIC_0000493.png,0,1,0,0,0,0,0,0,0,benign
402,ISIC_0000494.png,0,1,1,1,1,0,0,0,0,benign
403,ISIC_0000495.png,0,1,0,0,0,0,0,0,0,benign
404,ISIC_0000496.png,0,1,0,0,0,0,0,1,0,benign
405,ISIC_0000498.png,0,1,0,1,0,0,0,1,0,benign
407,ISIC_0000500.png,0,1,0,0,1,0,0,0,0,benign
408,ISIC_0000501.png,0,0,0,1,0,0,0,0,0,benign
410,ISIC_0000504.png,1,0,0,1,1,0,0,0,0,benign
411,ISIC_0000505.png,0,0,0,1,1,0,0,0,0,benign
412,ISIC_0000506.png,0,1,0,0,1,0,0,0,0,benign
413,ISIC_0000507.png,0,1,0,0,1,0,0,0,0,benign
414,ISIC_0000508.png,0,1,0,1,0,0,0,0,0,benign
415,ISIC_0000509.png,0,1,0,0,0,0,0,0,0,benign
416,ISIC_0000510.png,0,1,0,0,0,0,0,0,0,benign
418,ISIC_0000513.png,0,1,0,0,1,0,0,1,1,malignant
419,ISIC_0000514.png,0,0,0,0,0,0,0,0,0,benign
420,ISIC_0000515.png,0,0,0,0,0,0,0,1,0,benign
422,ISIC_0000518.png,0,1,0,0,0,1,0,1,1,malignant
423,ISIC_0000519.png,0,0,0,0,1,0,0,0,1,malignant
424,ISIC_0000520.png,0,1,0,0,1,0,0,1,1,malignant
426,ISIC_0000522.png,0,0,0,0,0,0,0,0,1,malignant
427,ISIC_0000523.png,0,1,0,0,0,0,0,0,0,benign
428,ISIC_0000524.png,0,1,0,0,0,0,0,0,0,benign
429,ISIC_0000525.png,0,0,0,1,1,0,0,0,0,benign
430,ISIC_0000527.png,0,1,0,1,0,0,0,0,0,benign
431,ISIC_0000528.png,0,1,0,0,1,0,0,1,0,benign
432,ISIC_0000529.png,0,1,0,0,0,0,0,0,0,benign
433,ISIC_0000530.png,0,0,0,0,1,0,0,0,0,benign
434,ISIC_0000531.png,0,0,0,0,1,0,0,0,1,malignant
435,ISIC_0000532.png,0,0,0,0,0,0,0,0,0,benign
436,ISIC_0000533.png,0,0,0,0,0,0,0,0,1,malignant
437,ISIC_0000534.png,0,1,0,0,0,0,0,0,0,benign
438,ISIC_0000535.png,0,1,0,0,1,0,0,0,0,benign
440,ISIC_0000537.png,0,0,0,0,0,0,0,0,0,benign
441,ISIC_0000538.png,0,1,0,0,0,0,0,0,0,benign
442,ISIC_0000539.png,0,0,0,1,0,0,0,0,0,benign
443,ISIC_0000540.png,0,0,0,1,0,0,0,0,0,benign
444,ISIC_0000541.png,0,0,0,0,0,0,0,1,0,benign
445,ISIC_0000542.png,0,1,0,0,0,0,0,0,0,benign
446,ISIC_0000543.png,0,0,0,1,0,0,0,0,0,benign
447,ISIC_0000544.png,0,1,0,1,0,0,0,0,0,benign
448,ISIC_0000545.png,0,1,0,0,0,0,0,0,0,benign
449,ISIC_0000546.png,0,1,0,0,0,0,0,0,0,benign
450,ISIC_0000547.png,0,0,0,0,1,0,0,0,1,malignant
451,ISIC_0000548.png,0,0,0,0,1,0,0,0,1,malignant
452,ISIC_0000549.png,0,1,0,0,0,1,0,1,1,malignant
453,ISIC_0000550.png,0,1,0,0,1,0,0,0,1,malignant
455,ISIC_0000554.png,0,1,0,0,1,0,0,1,1,malignant
456,ISIC_0000555.png,0,1,0,0,1,0,0,0,1,malignant
457,ISIC_0000556.png,0,0,0,0,0,0,0,0,0,benign
459,ISIC_0000900.png,0,1,1,0,0,0,1,0,0,benign
460,ISIC_0000999.png,0,1,1,0,0,0,1,1,0,benign
461,ISIC_0001100.png,1,0,0,0,1,0,0,1,1,malignant
462,ISIC_0001102.png,1,0,0,0,1,0,0,1,1,malignant
464,ISIC_0001105.png,1,1,0,0,1,0,0,1,1,malignant
466,ISIC_0001118.png,0,0,0,0,1,0,0,0,1,malignant
467,ISIC_0001119.png,0,1,0,0,1,0,0,1,1,malignant
469,ISIC_0001128.png,0,1,0,0,1,0,0,1,1,malignant
470,ISIC_0001131.png,1,1,0,0,1,0,0,0,1,malignant
471,ISIC_0001133.png,1,1,0,1,1,0,0,0,1,malignant
472,ISIC_0001134.png,0,0,0,0,1,0,0,0,1,malignant
473,ISIC_0001140.png,0,0,0,0,0,0,0,0,1,malignant
474,ISIC_0001142.png,1,0,0,0,1,0,0,0,1,malignant
475,ISIC_0001148.png,0,0,0,0,0,0,0,1,1,malignant
477,ISIC_0001163.png,0,1,1,0,0,0,1,0,0,benign
482,ISIC_0001188.png,1,1,0,0,0,0,1,1,0,benign
485,ISIC_0001204.png,0,1,1,0,0,0,1,0,0,benign
486,ISIC_0001212.png,1,1,0,0,0,0,1,0,0,benign
488,ISIC_0001216.png,1,1,0,0,0,0,1,0,0,benign
489,ISIC_0001242.png,1,1,0,0,0,0,1,0,0,benign
490,ISIC_0001247.png,0,1,1,1,0,0,1,0,0,benign
491,ISIC_0001254.png,0,1,1,0,0,0,1,0,0,benign
492,ISIC_0001262.png,0,0,1,1,0,0,1,0,0,benign
493,ISIC_0001267.png,0,1,1,0,0,0,1,0,0,benign
494,ISIC_0001275.png,0,1,1,1,0,0,1,0,0,benign
495,ISIC_0001286.png,0,1,1,1,0,0,1,0,0,benign
499,ISIC_0001306.png,0,1,1,0,0,0,1,0,0,benign
502,ISIC_0001374.png,0,1,1,0,0,0,1,0,0,benign
504,ISIC_0001423.png,0,1,1,0,0,0,1,0,0,benign
505,ISIC_0001427.png,0,1,1,0,0,0,1,0,0,benign
506,ISIC_0001442.png,0,1,1,0,0,0,1,0,0,benign
507,ISIC_0001449.png,0,1,1,0,0,0,1,0,0,benign
508,ISIC_0001769.png,0,1,1,0,0,0,1,0,0,benign
511,ISIC_0001960.png,0,1,1,0,0,0,1,0,0,benign
514,ISIC_0002206.png,0,1,1,0,0,0,1,0,0,benign
516,ISIC_0002251.png,0,1,1,0,0,0,1,0,0,benign
518,ISIC_0002353.png,0,1,1,0,0,0,1,0,0,benign
519,ISIC_0002374.png,0,1,1,0,0,0,1,0,0,benign
521,ISIC_0002439.png,0,1,1,0,0,0,1,0,0,benign
522,ISIC_0002453.png,0,1,1,0,0,0,1,0,0,benign
523,ISIC_0002459.png,0,1,1,0,0,0,1,0,0,benign
524,ISIC_0002469.png,0,1,1,0,0,0,1,0,0,benign
525,ISIC_0002476.png,0,1,1,0,0,0,1,0,0,benign
526,ISIC_0002488.png,0,1,1,0,0,0,1,0,0,benign
527,ISIC_0002489.png,0,1,1,0,0,0,1,0,0,benign
529,ISIC_0002647.png,1,1,0,0,0,0,1,0,0,benign
532,ISIC_0002806.png,1,1,0,0,0,0,1,0,0,benign
533,ISIC_0002829.png,0,1,1,0,0,0,1,0,0,benign
535,ISIC_0002871.png,1,1,0,0,0,0,1,0,0,benign
536,ISIC_0002879.png,0,1,1,0,0,0,1,0,0,benign
540,ISIC_0002976.png,1,1,0,0,0,0,1,0,0,benign
542,ISIC_0003056.png,1,1,0,0,0,0,1,0,0,benign
543,ISIC_0003174.png,0,1,1,0,0,0,1,0,0,benign
545,ISIC_0003346.png,1,0,0,1,0,0,1,0,0,benign
547,ISIC_0003539.png,0,1,1,0,0,0,1,0,0,benign
549,ISIC_0003582.png,0,1,1,0,0,0,1,0,0,benign
550,ISIC_0003657.png,0,1,1,0,0,0,1,0,0,benign
551,ISIC_0003728.png,0,1,1,0,0,0,1,0,0,benign
552,ISIC_0003805.png,0,1,1,0,0,0,1,0,0,benign
553,ISIC_0004110.png,0,1,1,0,0,0,1,0,0,benign
554,ISIC_0004115.png,1,1,0,0,0,0,1,0,0,benign
556,ISIC_0004309.png,1,1,0,0,0,0,1,0,0,benign
561,ISIC_0005000.png,0,1,1,0,0,0,1,0,0,benign
562,ISIC_0005187.png,0,1,1,0,0,0,1,0,0,benign
565,ISIC_0005555.png,0,1,1,0,0,0,1,0,0,benign
566,ISIC_0005620.png,0,1,1,0,0,0,1,0,0,benign
568,ISIC_0005666.png,0,1,1,0,0,0,1,0,0,benign
569,ISIC_0005787.png,0,1,1,0,0,0,1,0,0,benign
571,ISIC_0006114.png,0,1,1,0,0,0,1,0,0,benign
572,ISIC_0006193.png,0,1,1,0,0,0,1,0,0,benign
573,ISIC_0006350.png,0,1,1,0,0,0,1,0,0,benign
575,ISIC_0006651.png,0,1,1,0,0,0,1,0,0,benign
577,ISIC_0006711.png,1,1,0,0,0,0,1,0,0,benign
578,ISIC_0006776.png,0,1,1,0,0,0,1,0,0,benign
580,ISIC_0006800.png,0,1,1,1,0,0,1,0,0,benign
582,ISIC_0006914.png,0,1,1,0,0,0,1,0,0,benign
584,ISIC_0006982.png,0,1,1,0,0,0,1,0,0,benign
586,ISIC_0007087.png,0,1,1,0,0,0,1,0,0,benign
587,ISIC_0007141.png,0,1,1,0,0,0,1,0,0,benign
588,ISIC_0007156.png,0,1,1,0,0,0,1,0,0,benign
591,ISIC_0007332.png,0,1,1,0,0,0,1,0,0,benign
593,ISIC_0007475.png,0,1,1,0,0,0,1,0,0,benign
594,ISIC_0007528.png,0,1,1,0,0,0,1,0,0,benign
595,ISIC_0007557.png,0,1,1,0,0,0,1,0,0,benign
597,ISIC_0007760.png,0,1,1,0,0,0,1,0,0,benign
599,ISIC_0007796.png,0,1,1,0,0,0,1,0,0,benign
600,ISIC_0008029.png,1,1,0,0,0,0,1,0,0,benign
601,ISIC_0008116.png,0,1,1,0,0,0,1,0,0,benign
603,ISIC_0008207.png,1,1,0,0,0,0,1,0,0,benign
604,ISIC_0008236.png,1,1,0,0,0,0,1,0,0,benign
605,ISIC_0008256.png,1,1,0,0,0,0,1,0,0,benign
606,ISIC_0008280.png,0,1,1,0,0,0,1,0,0,benign
607,ISIC_0008294.png,0,1,1,0,0,0,1,0,0,benign
609,ISIC_0008396.png,1,1,0,0,0,0,1,0,0,benign
610,ISIC_0008403.png,0,1,1,0,0,0,1,0,0,benign
612,ISIC_0008507.png,1,1,0,0,0,0,1,0,0,benign
613,ISIC_0008524.png,1,1,0,0,0,0,1,0,0,benign
614,ISIC_0008528.png,1,1,0,0,0,0,1,0,0,benign
616,ISIC_0008552.png,1,1,0,0,0,0,1,0,0,benign
619,ISIC_0008659.png,1,1,0,0,0,0,1,0,0,benign
620,ISIC_0008785.png,0,1,1,0,0,0,1,0,0,benign
622,ISIC_0008879.png,1,1,0,0,0,0,1,0,0,benign
623,ISIC_0008913.png,1,1,0,0,0,0,1,0,0,benign
624,ISIC_0008992.png,1,1,0,0,0,0,1,0,0,benign
625,ISIC_0008993.png,0,1,1,0,0,0,1,0,0,benign
626,ISIC_0008998.png,1,1,0,0,0,0,1,0,0,benign
627,ISIC_0009035.png,1,1,0,0,0,0,1,0,0,benign
628,ISIC_0009078.png,0,1,1,0,0,0,1,0,0,benign
630,ISIC_0009160.png,0,1,1,0,0,0,1,0,0,benign
631,ISIC_0009165.png,1,1,0,0,0,0,1,0,0,benign
632,ISIC_0009188.png,1,1,0,0,0,0,1,0,0,benign
633,ISIC_0009201.png,1,1,0,0,0,0,1,1,0,benign
634,ISIC_0009252.png,0,1,1,0,0,0,1,0,0,benign
635,ISIC_0009297.png,1,1,0,0,0,0,1,0,0,benign
636,ISIC_0009298.png,1,1,0,0,0,0,1,0,0,benign
639,ISIC_0009504.png,1,1,0,0,0,0,1,0,0,benign
641,ISIC_0009564.png,1,1,0,0,0,0,1,1,0,benign
643,ISIC_0009599.png,1,1,0,0,0,0,1,0,0,benign
644,ISIC_0009758.png,0,1,1,0,0,0,1,0,0,benign
645,ISIC_0009800.png,1,1,0,0,0,0,1,0,0,benign
647,ISIC_0009868.png,0,0,0,0,0,0,1,0,1,malignant
648,ISIC_0009869.png,0,1,0,0,1,0,0,1,0,benign
649,ISIC_0009873.png,0,0,0,1,1,0,0,0,0,benign
650,ISIC_0009874.png,0,1,0,1,0,0,0,0,0,benign
651,ISIC_0009875.png,0,0,0,1,0,0,0,1,0,benign
652,ISIC_0009877.png,0,0,0,1,0,0,0,1,0,benign
653,ISIC_0009879.png,0,0,0,0,0,0,0,0,0,benign
654,ISIC_0009880.png,0,0,0,0,1,0,0,0,0,benign
655,ISIC_0009881.png,0,0,0,0,1,0,0,0,0,benign
656,ISIC_0009883.png,0,0,0,1,0,0,0,0,0,benign
658,ISIC_0009885.png,0,0,0,0,1,0,0,0,0,benign
660,ISIC_0009889.png,0,0,0,0,1,0,0,0,0,benign
661,ISIC_0009891.png,0,0,0,0,1,0,0,0,0,benign
662,ISIC_0009895.png,0,0,0,0,0,0,0,1,0,benign
663,ISIC_0009896.png,0,0,0,0,1,0,0,0,0,benign
665,ISIC_0009898.png,0,0,0,0,1,0,0,0,1,malignant
666,ISIC_0009899.png,0,0,0,0,1,0,0,1,0,benign
667,ISIC_0009901.png,0,1,0,0,0,0,0,1,0,benign
668,ISIC_0009902.png,0,1,0,0,0,0,0,1,0,benign
669,ISIC_0009904.png,0,0,0,0,0,0,0,1,0,benign
670,ISIC_0009906.png,0,0,0,1,0,0,0,0,0,benign
671,ISIC_0009909.png,0,1,0,0,0,0,0,0,0,benign
673,ISIC_0009914.png,0,0,0,1,0,0,0,0,0,benign
674,ISIC_0009915.png,0,1,0,1,0,0,0,1,0,benign
675,ISIC_0009917.png,0,0,0,1,1,0,0,0,0,benign
676,ISIC_0009918.png,1,1,0,1,1,0,0,0,1,malignant
677,ISIC_0009919.png,0,1,0,0,0,0,0,0,0,benign
678,ISIC_0009920.png,0,1,0,1,0,0,0,0,0,benign
679,ISIC_0009921.png,0,1,0,1,0,0,0,0,0,benign
680,ISIC_0009923.png,0,1,0,1,0,0,0,0,0,benign
681,ISIC_0009925.png,0,1,0,0,1,0,0,0,0,benign
682,ISIC_0009927.png,1,0,0,0,1,0,0,1,1,malignant
683,ISIC_0009928.png,0,0,0,1,0,0,0,0,0,benign
684,ISIC_0009929.png,1,1,0,0,1,0,0,0,0,benign
685,ISIC_0009930.png,1,1,0,0,1,0,0,0,0,benign
686,ISIC_0009931.png,0,1,0,1,0,0,0,1,0,benign
687,ISIC_0009932.png,0,1,0,1,0,0,0,0,0,benign
688,ISIC_0009933.png,0,1,0,0,0,0,0,0,0,benign
690,ISIC_0009935.png,0,1,0,1,0,0,0,0,0,benign
691,ISIC_0009936.png,0,1,0,0,0,0,0,0,0,benign
692,ISIC_0009937.png,0,1,0,0,0,0,0,1,0,benign
693,ISIC_0009938.png,0,0,0,0,0,0,0,1,0,benign
694,ISIC_0009939.png,0,1,0,0,0,0,0,1,0,benign
695,ISIC_0009940.png,0,0,0,0,0,0,0,1,0,benign
696,ISIC_0009941.png,0,1,0,0,0,0,0,0,0,benign
697,ISIC_0009942.png,0,1,1,0,1,0,0,0,0,benign
698,ISIC_0009943.png,0,0,0,0,1,0,0,0,0,benign
699,ISIC_0009944.png,0,1,1,0,0,0,0,0,0,benign
701,ISIC_0009946.png,1,1,0,0,1,0,0,0,0,benign
702,ISIC_0009947.png,0,0,0,0,1,0,0,0,0,benign
703,ISIC_0009948.png,0,1,0,0,1,0,0,1,0,benign
704,ISIC_0009949.png,0,0,0,0,1,0,0,0,0,benign
706,ISIC_0009951.png,0,0,0,0,0,0,0,0,0,benign
707,ISIC_0009953.png,0,1,0,1,0,0,0,0,0,benign
708,ISIC_0009954.png,0,0,0,0,1,0,0,1,0,benign
709,ISIC_0009955.png,0,0,0,0,1,0,0,0,1,malignant
710,ISIC_0009956.png,0,1,0,0,1,0,0,0,0,benign
711,ISIC_0009958.png,0,1,0,1,0,0,0,0,0,benign
712,ISIC_0009960.png,0,0,0,0,0,0,0,1,1,malignant
713,ISIC_0009961.png,0,1,0,0,1,0,0,0,0,benign
714,ISIC_0009962.png,0,0,0,1,0,1,0,0,0,benign
715,ISIC_0009964.png,0,1,0,0,0,0,0,0,0,benign
716,ISIC_0009965.png,0,1,0,1,0,0,0,1,0,benign
717,ISIC_0009966.png,0,1,0,0,1,0,0,0,0,benign
719,ISIC_0009969.png,0,0,0,1,0,0,0,1,0,benign
720,ISIC_0009970.png,0,0,0,1,0,0,0,1,0,benign
721,ISIC_0009971.png,0,0,0,0,1,0,0,0,1,malignant
722,ISIC_0009972.png,0,0,0,1,1,0,0,1,0,benign
723,ISIC_0009973.png,0,0,0,0,1,0,0,0,0,benign
724,ISIC_0009974.png,0,1,0,0,1,0,0,0,0,benign
725,ISIC_0009975.png,0,0,0,1,0,0,0,1,0,benign
727,ISIC_0009977.png,0,1,0,1,0,0,0,0,0,benign
728,ISIC_0009978.png,0,1,0,1,0,0,0,1,0,benign
729,ISIC_0009979.png,0,1,0,0,1,0,0,0,0,benign
730,ISIC_0009980.png,0,1,0,1,0,0,0,0,0,benign
731,ISIC_0009981.png,0,1,0,0,1,0,0,0,0,benign
732,ISIC_0009982.png,0,1,0,0,0,0,0,1,0,benign
733,ISIC_0009987.png,0,0,0,1,0,0,0,0,0,benign
734,ISIC_0009988.png,0,1,0,1,0,0,0,0,0,benign
735,ISIC_0009990.png,0,1,0,1,0,0,0,0,0,benign
736,ISIC_0009991.png,0,1,0,1,0,0,0,0,0,benign
737,ISIC_0009992.png,1,1,0,0,1,0,0,0,1,malignant
739,ISIC_0009994.png,0,1,0,1,1,0,0,0,0,benign
740,ISIC_0009995.png,0,0,0,1,0,0,0,0,0,benign
741,ISIC_0009998.png,0,1,0,0,0,0,0,1,0,benign
743,ISIC_0010002.png,0,1,0,1,0,0,0,0,0,benign
744,ISIC_0010003.png,0,1,0,0,1,0,0,0,0,benign
745,ISIC_0010005.png,0,1,0,0,1,0,0,0,0,benign
746,ISIC_0010006.png,0,1,0,1,1,0,0,0,0,benign
747,ISIC_0010009.png,0,1,0,0,0,0,0,0,0,benign
748,ISIC_0010010.png,0,1,0,0,0,0,0,0,0,benign
749,ISIC_0010011.png,0,1,0,0,1,0,0,0,1,malignant
750,ISIC_0010013.png,0,1,0,0,1,0,0,0,0,benign
751,ISIC_0010014.png,0,1,0,0,0,0,0,0,0,benign
753,ISIC_0010016.png,0,0,0,0,1,0,0,0,1,malignant
754,ISIC_0010017.png,0,1,0,0,0,0,0,0,0,benign
755,ISIC_0010018.png,0,1,0,0,0,0,0,0,0,benign
756,ISIC_0010019.png,0,0,0,0,0,0,0,0,0,benign
757,ISIC_0010020.png,0,1,0,0,0,0,0,0,0,benign
758,ISIC_0010021.png,0,0,0,1,0,0,0,1,0,benign
759,ISIC_0010022.png,0,0,0,1,0,0,0,0,0,benign
761,ISIC_0010024.png,0,0,0,0,0,0,0,1,1,malignant
762,ISIC_0010025.png,0,1,0,0,1,0,0,0,0,benign
763,ISIC_0010028.png,0,0,0,1,0,0,0,0,0,benign
764,ISIC_0010029.png,0,0,0,0,1,0,0,0,1,malignant
765,ISIC_0010032.png,0,0,0,1,1,0,0,0,0,benign
766,ISIC_0010034.png,0,0,0,0,0,0,0,1,1,malignant
768,ISIC_0010037.png,0,0,0,1,0,0,0,0,0,benign
769,ISIC_0010038.png,0,0,0,1,0,0,0,0,0,benign
770,ISIC_0010041.png,0,1,0,1,0,0,0,0,0,benign
771,ISIC_0010042.png,0,1,0,1,0,0,0,1,0,benign
772,ISIC_0010043.png,0,1,0,1,1,0,0,0,0,benign
773,ISIC_0010044.png,0,1,0,0,1,0,0,1,0,benign
774,ISIC_0010046.png,0,0,0,1,0,0,0,0,0,benign
776,ISIC_0010053.png,0,0,0,1,0,0,0,0,0,benign
778,ISIC_0010055.png,0,1,0,0,0,0,0,0,0,benign
780,ISIC_0010057.png,0,0,0,1,0,0,0,1,0,benign
781,ISIC_0010058.png,0,0,0,0,0,0,0,0,0,benign
782,ISIC_0010059.png,0,1,0,0,1,0,0,0,0,benign
783,ISIC_0010060.png,0,1,0,0,1,0,0,0,0,benign
784,ISIC_0010061.png,0,1,0,0,1,0,0,0,0,benign
785,ISIC_0010062.png,0,1,0,1,0,0,0,0,0,benign
786,ISIC_0010063.png,0,1,0,1,0,0,0,0,0,benign
787,ISIC_0010064.png,0,1,0,0,0,0,0,0,0,benign
788,ISIC_0010066.png,0,1,0,1,0,0,0,1,0,benign
790,ISIC_0010069.png,0,0,0,1,0,0,0,0,0,benign
791,ISIC_0010070.png,0,0,0,1,0,0,0,0,0,benign
792,ISIC_0010071.png,0,1,0,1,0,0,0,0,0,benign
793,ISIC_0010073.png,0,1,0,1,0,0,0,0,0,benign
794,ISIC_0010074.png,0,1,0,0,0,0,0,0,0,benign
795,ISIC_0010075.png,0,0,0,0,1,0,0,0,0,benign
796,ISIC_0010077.png,0,1,0,0,1,0,0,0,0,benign
797,ISIC_0010078.png,0,1,0,1,0,0,0,0,0,benign
798,ISIC_0010081.png,0,1,0,0,1,0,0,1,1,malignant
799,ISIC_0010086.png,0,0,0,1,0,1,0,0,0,benign
800,ISIC_0010088.png,0,0,0,1,0,0,0,0,0,benign
802,ISIC_0010090.png,0,1,0,1,0,0,0,0,0,benign
803,ISIC_0010092.png,0,1,0,0,1,0,0,0,0,benign
804,ISIC_0010093.png,0,0,0,1,1,0,0,0,0,benign
806,ISIC_0010100.png,0,0,0,1,0,0,0,0,0,benign
807,ISIC_0010102.png,0,1,0,1,0,0,0,1,0,benign
808,ISIC_0010104.png,0,0,0,0,1,0,0,1,0,benign
809,ISIC_0010105.png,0,1,0,0,0,0,0,0,0,benign
810,ISIC_0010168.png,0,0,0,1,0,0,0,0,0,benign
811,ISIC_0010169.png,0,0,0,0,0,0,0,0,0,benign
812,ISIC_0010171.png,0,1,0,0,1,0,0,0,1,malignant
813,ISIC_0010173.png,0,1,0,0,0,0,0,0,0,benign
816,ISIC_0010176.png,0,1,0,0,1,0,0,0,0,benign
817,ISIC_0010177.png,0,0,0,0,1,0,0,0,0,benign
818,ISIC_0010178.png,0,0,0,0,1,0,0,0,0,benign
819,ISIC_0010180.png,0,1,0,0,0,0,0,0,0,benign
820,ISIC_0010182.png,0,0,0,0,0,0,0,0,0,benign
821,ISIC_0010183.png,0,0,0,0,1,0,0,0,0,benign
822,ISIC_0010184.png,0,0,0,0,1,0,0,0,0,benign
823,ISIC_0010185.png,0,0,0,0,0,0,0,0,0,benign
824,ISIC_0010186.png,0,0,1,0,0,0,0,0,0,benign
825,ISIC_0010187.png,0,0,0,1,0,0,0,0,0,benign
827,ISIC_0010190.png,0,1,0,1,0,0,0,0,0,benign
828,ISIC_0010191.png,0,0,0,0,0,0,0,1,0,benign
829,ISIC_0010192.png,0,1,0,1,0,0,0,0,0,benign
830,ISIC_0010194.png,1,0,0,1,1,0,0,0,1,malignant
831,ISIC_0010201.png,0,1,0,1,0,1,0,0,0,benign
832,ISIC_0010202.png,0,1,0,1,0,0,0,0,0,benign
833,ISIC_0010204.png,0,0,0,1,0,0,0,0,0,benign
834,ISIC_0010205.png,0,1,1,1,0,0,0,0,0,benign
835,ISIC_0010206.png,0,0,0,1,1,0,0,0,0,benign
836,ISIC_0010207.png,1,1,1,0,1,0,0,1,1,malignant
837,ISIC_0010212.png,0,1,0,1,0,0,0,0,0,benign
838,ISIC_0010213.png,0,1,0,1,0,0,0,0,0,benign
839,ISIC_0010215.png,0,0,0,1,0,0,0,0,0,benign
840,ISIC_0010216.png,0,1,0,0,1,0,0,0,0,benign
841,ISIC_0010219.png,0,1,0,0,1,0,0,0,0,benign
843,ISIC_0010222.png,0,1,0,1,0,0,0,0,0,benign
845,ISIC_0010226.png,0,0,0,1,0,0,0,0,0,benign
847,ISIC_0010228.png,0,1,0,1,0,0,0,0,0,benign
848,ISIC_0010229.png,0,0,0,0,1,0,0,0,0,benign
849,ISIC_0010231.png,1,0,0,1,1,0,0,0,1,malignant
850,ISIC_0010232.png,0,1,0,1,0,0,0,0,0,benign
851,ISIC_0010233.png,1,1,0,0,1,0,0,0,0,benign
852,ISIC_0010234.png,0,0,0,1,0,0,0,0,0,benign
854,ISIC_0010236.png,1,0,0,1,1,0,0,0,0,benign
855,ISIC_0010237.png,1,0,0,1,1,0,0,0,0,benign
856,ISIC_0010238.png,1,1,0,0,1,0,0,0,0,benign
857,ISIC_0010239.png,0,0,0,0,0,0,0,0,0,benign
858,ISIC_0010240.png,0,0,0,1,1,0,0,1,1,malignant
859,ISIC_0010241.png,0,1,0,0,1,0,0,0,1,malignant
861,ISIC_0010247.png,0,0,0,0,1,0,0,0,0,benign
862,ISIC_0010248.png,0,1,0,1,0,0,0,0,0,benign
863,ISIC_0010249.png,0,0,0,1,0,0,0,0,0,benign
864,ISIC_0010251.png,0,0,0,0,1,0,0,0,1,malignant
865,ISIC_0010252.png,0,0,0,1,0,0,0,1,0,benign
866,ISIC_0010255.png,0,0,0,0,0,0,0,0,0,benign
867,ISIC_0010256.png,0,0,0,0,0,0,0,0,0,benign
868,ISIC_0010257.png,0,1,0,0,0,0,0,0,0,benign
869,ISIC_0010262.png,0,0,0,1,0,0,0,1,0,benign
871,ISIC_0010264.png,0,0,0,1,0,0,0,0,0,benign
873,ISIC_0010267.png,0,0,0,0,1,0,0,1,1,malignant
874,ISIC_0010317.png,0,1,0,0,1,0,0,0,0,benign
875,ISIC_0010318.png,0,0,0,0,1,0,0,1,0,benign
878,ISIC_0010321.png,0,0,0,0,1,0,0,0,1,malignant
879,ISIC_0010322.png,0,0,1,1,0,0,0,0,1,malignant
880,ISIC_0010323.png,0,1,0,0,0,0,0,0,0,benign
881,ISIC_0010326.png,0,0,0,1,0,0,0,0,0,benign
883,ISIC_0010329.png,1,0,0,1,1,0,0,0,1,malignant
885,ISIC_0010332.png,0,0,0,1,0,0,0,0,0,benign
886,ISIC_0010333.png,0,0,0,0,0,0,0,0,0,benign
887,ISIC_0010334.png,0,0,0,1,0,0,0,0,0,benign
888,ISIC_0010335.png,0,1,0,1,0,0,0,0,0,benign
889,ISIC_0010336.png,0,1,0,1,0,0,0,1,0,benign
890,ISIC_0010337.png,0,0,0,1,1,0,0,1,0,benign
891,ISIC_0010339.png,0,0,0,1,0,0,0,0,0,benign
892,ISIC_0010340.png,0,1,0,1,0,0,0,0,0,benign
893,ISIC_0010341.png,0,1,0,1,0,1,0,0,0,benign
894,ISIC_0010342.png,0,1,0,1,0,0,0,0,0,benign
895,ISIC_0010344.png,0,1,0,1,0,0,0,0,0,benign
896,ISIC_0010346.png,0,1,0,0,0,0,0,1,0,benign
897,ISIC_0010347.png,0,1,0,0,1,0,0,0,0,benign
898,ISIC_0010348.png,0,1,0,0,0,0,0,0,0,benign
900,ISIC_0010350.png,0,0,0,0,1,0,0,1,1,malignant
901,ISIC_0010351.png,1,1,0,0,1,0,0,1,0,benign
902,ISIC_0010356.png,0,0,0,0,1,0,0,0,0,benign
903,ISIC_0010357.png,0,1,0,0,1,0,0,0,0,benign
906,ISIC_0010361.png,0,1,0,0,0,0,0,1,0,benign
907,ISIC_0010362.png,0,1,0,0,1,0,0,0,0,benign
908,ISIC_0010364.png,0,1,0,0,1,0,0,1,1,malignant
909,ISIC_0010365.png,0,1,0,0,0,0,0,0,0,benign
910,ISIC_0010367.png,0,1,0,1,0,1,0,0,0,benign
911,ISIC_0010368.png,0,0,0,1,1,0,0,0,0,benign
912,ISIC_0010370.png,0,1,0,1,0,0,0,0,0,benign
914,ISIC_0010374.png,1,1,0,1,1,0,0,0,0,benign
915,ISIC_0010379.png,1,0,0,1,1,0,0,1,1,malignant
917,ISIC_0010382.png,0,0,0,1,0,0,0,0,0,benign
919,ISIC_0010439.png,0,1,0,0,0,0,0,0,0,benign
920,ISIC_0010441.png,0,1,0,0,1,0,0,1,1,malignant
921,ISIC_0010442.png,0,1,0,0,0,0,0,0,0,benign
922,ISIC_0010443.png,0,0,0,0,0,0,0,0,0,benign
923,ISIC_0010444.png,0,1,0,0,0,0,0,0,0,benign
924,ISIC_0010445.png,0,0,1,1,0,0,0,0,0,benign
925,ISIC_0010447.png,0,1,0,1,0,0,0,0,0,benign
926,ISIC_0010448.png,0,0,0,1,0,0,0,0,0,benign
927,ISIC_0010449.png,0,1,0,0,0,0,0,0,0,benign
928,ISIC_0010452.png,0,1,1,0,0,0,0,0,0,benign
929,ISIC_0010455.png,0,0,0,1,0,1,0,0,0,benign
930,ISIC_0010456.png,0,0,0,0,0,1,0,0,0,benign
931,ISIC_0010457.png,0,0,0,1,0,0,0,0,0,benign
932,ISIC_0010458.png,0,1,0,0,0,0,0,1,0,benign
933,ISIC_0010459.png,0,1,0,0,0,0,0,0,0,benign
934,ISIC_0010461.png,0,0,0,0,0,0,0,1,0,benign
935,ISIC_0010462.png,0,0,0,0,0,0,0,1,0,benign
936,ISIC_0010463.png,0,1,0,0,0,0,0,0,0,benign
937,ISIC_0010465.png,0,1,0,0,0,0,0,0,0,benign
939,ISIC_0010467.png,0,1,0,0,1,0,0,1,0,benign
940,ISIC_0010468.png,0,0,0,0,0,0,0,0,1,malignant
942,ISIC_0010473.png,0,0,0,1,0,0,0,1,0,benign
943,ISIC_0010474.png,1,0,0,1,1,0,0,0,0,benign
944,ISIC_0010475.png,0,1,0,0,0,0,0,0,0,benign
945,ISIC_0010476.png,0,0,0,0,0,0,0,1,1,malignant
946,ISIC_0010477.png,0,0,0,1,0,0,0,1,0,benign
947,ISIC_0010479.png,0,0,0,1,0,0,0,0,0,benign
948,ISIC_0010480.png,0,0,0,1,0,0,0,1,0,benign
950,ISIC_0010483.png,0,1,0,1,0,0,0,1,0,benign
951,ISIC_0010487.png,0,1,0,0,1,0,0,0,0,benign
952,ISIC_0010488.png,0,1,0,0,0,0,0,0,0,benign
953,ISIC_0010490.png,0,1,0,0,0,0,0,0,0,benign
954,ISIC_0010492.png,0,1,0,1,0,0,0,0,0,benign
955,ISIC_0010493.png,0,1,0,1,0,0,0,0,0,benign
956,ISIC_0010494.png,0,1,0,0,1,0,0,0,0,benign
957,ISIC_0010496.png,0,0,0,1,0,1,0,0,0,benign
958,ISIC_0010497.png,0,0,0,1,0,1,0,0,0,benign
959,ISIC_0010498.png,0,0,0,0,0,0,0,1,0,benign
960,ISIC_0010552.png,0,1,0,1,0,0,0,0,0,benign
961,ISIC_0010553.png,0,1,0,1,0,0,0,0,0,benign
962,ISIC_0010554.png,0,0,0,0,1,0,0,1,0,benign
964,ISIC_0010558.png,0,1,0,0,0,0,0,0,0,benign
965,ISIC_0010562.png,0,0,0,1,0,0,0,0,0,benign
966,ISIC_0010565.png,0,1,0,1,0,0,0,1,0,benign
967,ISIC_0010566.png,0,1,0,0,0,0,0,0,0,benign
968,ISIC_0010567.png,0,0,0,0,0,0,0,0,0,benign
969,ISIC_0010568.png,0,0,0,0,0,0,0,0,0,benign
970,ISIC_0010569.png,0,0,0,1,0,0,0,1,0,benign
971,ISIC_0010570.png,0,1,0,1,0,0,0,0,0,benign
972,ISIC_0010571.png,0,0,0,1,0,0,0,0,0,benign
973,ISIC_0010572.png,0,0,0,0,1,0,0,1,0,benign
974,ISIC_0010573.png,0,1,0,0,1,0,0,0,0,benign
975,ISIC_0010574.png,0,1,0,0,1,1,0,0,0,benign
976,ISIC_0010576.png,0,0,0,0,1,0,0,1,1,malignant
977,ISIC_0010581.png,0,1,1,0,0,0,0,0,0,benign
978,ISIC_0010584.png,0,0,0,1,0,0,0,0,0,benign
981,ISIC_0010588.png,0,1,0,1,0,0,0,0,0,benign
982,ISIC_0010589.png,0,1,0,1,0,0,0,0,0,benign
984,ISIC_0010591.png,0,0,0,0,1,0,0,0,1,malignant
985,ISIC_0010592.png,0,1,0,1,0,0,0,1,0,benign
986,ISIC_0010593.png,0,0,0,0,0,0,0,1,0,benign
987,ISIC_0010595.png,0,1,0,0,0,0,0,0,0,benign
988,ISIC_0010596.png,0,1,0,0,1,0,0,0,1,malignant
989,ISIC_0010597.png,0,0,0,0,0,0,0,0,1,malignant
990,ISIC_0010598.png,0,0,0,0,1,0,0,0,0,benign
991,ISIC_0010599.png,0,0,0,1,0,0,0,0,0,benign
992,ISIC_0010602.png,0,1,0,1,1,0,0,0,0,benign
993,ISIC_0010603.png,0,0,0,1,0,0,0,0,0,benign
994,ISIC_0010604.png,0,1,0,1,0,0,0,0,0,benign
995,ISIC_0010605.png,0,1,0,1,0,0,0,0,0,benign
996,ISIC_0010606.png,0,0,0,0,1,0,0,0,0,benign
997,ISIC_0010607.png,1,1,0,1,1,0,0,0,0,benign
998,ISIC_0010844.png,0,1,0,1,0,0,0,1,0,benign
999,ISIC_0010846.png,0,1,0,0,0,0,0,1,0,benign
1000,ISIC_0010847.png,0,1,0,1,0,0,0,0,0,benign
1001,ISIC_0010848.png,0,1,0,0,1,0,0,0,0,benign
1002,ISIC_0010849.png,0,1,0,0,1,0,0,0,0,benign
1003,ISIC_0010850.png,0,1,0,0,1,0,0,0,0,benign
1004,ISIC_0010851.png,0,0,0,1,0,0,0,0,0,benign
1005,ISIC_0010852.png,0,0,0,0,1,0,0,0,1,malignant
1006,ISIC_0010853.png,0,1,0,0,1,0,0,0,0,benign
1007,ISIC_0010854.png,0,0,0,1,0,0,0,1,0,benign
1008,ISIC_0010856.png,0,0,0,0,0,0,0,0,0,benign
1009,ISIC_0010857.png,0,1,0,0,1,0,0,0,0,benign
1010,ISIC_0010858.png,0,0,1,0,0,0,0,0,0,benign
1012,ISIC_0010861.png,0,0,0,0,1,0,0,0,0,benign
1013,ISIC_0010862.png,0,0,0,0,0,0,0,0,1,malignant
1015,ISIC_0010864.png,0,1,0,1,0,0,0,0,0,benign
1016,ISIC_0011079.png,0,1,0,1,0,0,0,0,0,benign
1017,ISIC_0011081.png,0,1,0,0,0,0,0,0,0,benign
1018,ISIC_0011082.png,0,0,0,0,1,0,0,0,0,benign
1019,ISIC_0011083.png,0,0,0,0,0,0,0,0,0,benign
1020,ISIC_0011084.png,0,1,0,0,1,0,0,1,0,benign
1021,ISIC_0011085.png,0,1,0,1,0,0,0,0,0,benign
1022,ISIC_0011088.png,0,1,0,0,1,0,0,1,0,benign
1023,ISIC_0011089.png,0,1,0,0,0,0,0,1,0,benign
1024,ISIC_0011090.png,0,1,0,1,0,0,0,0,0,benign
1025,ISIC_0011092.png,0,1,0,1,0,0,0,0,0,benign
1027,ISIC_0011097.png,0,0,0,0,1,0,0,0,0,benign
1028,ISIC_0011098.png,0,1,0,0,1,0,0,1,0,benign
1029,ISIC_0011099.png,0,1,0,0,1,0,0,0,1,malignant
1030,ISIC_0011101.png,0,1,0,0,0,0,0,0,0,benign
1031,ISIC_0011102.png,0,0,0,1,0,0,0,1,0,benign
1032,ISIC_0011104.png,0,0,0,1,0,0,0,0,0,benign
1033,ISIC_0011105.png,0,0,0,1,0,0,0,0,0,benign
1034,ISIC_0011107.png,0,0,0,0,0,0,0,1,0,benign
1035,ISIC_0011109.png,0,0,0,1,0,0,0,0,0,benign
1036,ISIC_0011110.png,0,0,0,0,0,0,0,0,0,benign
1038,ISIC_0011114.png,0,1,0,1,1,0,0,0,0,benign
1039,ISIC_0011115.png,0,1,0,0,1,0,0,1,0,benign
1040,ISIC_0011117.png,0,0,0,1,0,1,0,1,0,benign
1041,ISIC_0011118.png,0,0,0,0,1,0,0,0,1,malignant
1042,ISIC_0011119.png,0,0,0,1,0,0,0,0,0,benign
1043,ISIC_0011120.png,0,0,0,1,0,0,0,0,0,benign
1045,ISIC_0011123.png,0,0,0,1,0,0,0,0,0,benign
1046,ISIC_0011124.png,0,1,0,1,0,0,0,0,0,benign
1047,ISIC_0011127.png,0,1,0,1,0,0,0,0,0,benign
1048,ISIC_0011128.png,0,0,0,1,1,0,0,1,1,malignant
1049,ISIC_0011129.png,0,1,0,1,0,0,0,0,0,benign
1051,ISIC_0011131.png,0,1,0,1,0,0,0,0,0,benign
1054,ISIC_0011137.png,0,0,0,0,0,0,0,1,1,malignant
1055,ISIC_0011139.png,0,0,0,1,1,0,0,1,1,malignant
1057,ISIC_0011143.png,0,1,0,0,0,0,0,0,0,benign
1058,ISIC_0011144.png,0,1,0,1,0,0,0,0,0,benign
1059,ISIC_0011146.png,0,1,0,1,0,0,0,1,0,benign
1060,ISIC_0011149.png,0,1,0,1,0,0,0,0,0,benign
1061,ISIC_0011150.png,0,1,0,1,0,0,0,0,0,benign
1062,ISIC_0011151.png,0,0,0,0,0,0,0,0,1,malignant
1063,ISIC_0011155.png,0,1,0,1,0,0,0,0,0,benign
1064,ISIC_0011156.png,0,1,0,1,0,0,0,0,0,benign
1065,ISIC_0011157.png,0,0,0,0,0,0,0,0,0,benign
1066,ISIC_0011158.png,1,1,0,0,1,0,0,0,1,malignant
1067,ISIC_0011159.png,0,1,0,1,0,1,0,0,0,benign
1068,ISIC_0011161.png,0,1,0,0,1,0,0,0,1,malignant
1069,ISIC_0011162.png,0,0,0,0,0,0,0,0,0,benign
1070,ISIC_0011163.png,0,0,0,0,0,0,0,0,1,malignant
1071,ISIC_0011164.png,0,0,0,0,1,0,0,0,0,benign
1073,ISIC_0011166.png,0,0,0,1,1,0,0,1,1,malignant
1074,ISIC_0011167.png,0,1,0,0,0,0,0,0,0,benign
1075,ISIC_0011168.png,0,0,0,1,0,0,0,0,0,benign
1077,ISIC_0011170.png,0,1,0,1,0,0,0,0,0,benign
1078,ISIC_0011171.png,0,1,0,0,0,0,0,0,0,benign
1079,ISIC_0011173.png,0,1,1,0,0,0,0,1,0,benign
1080,ISIC_0011176.png,0,0,0,0,1,0,0,0,1,malignant
1081,ISIC_0011177.png,0,0,0,1,0,0,0,0,0,benign
1082,ISIC_0011199.png,0,0,0,0,1,0,0,0,0,benign
1083,ISIC_0011202.png,0,1,0,1,0,0,0,0,0,benign
1084,ISIC_0011203.png,1,1,0,0,1,0,0,0,0,benign
1085,ISIC_0011204.png,0,1,0,1,1,0,0,0,0,benign
1086,ISIC_0011205.png,0,0,0,0,0,0,0,0,0,benign
1088,ISIC_0011208.png,1,0,0,1,1,0,0,0,0,benign
1089,ISIC_0011210.png,0,1,0,0,1,0,0,1,1,malignant
1090,ISIC_0011211.png,0,0,0,1,0,0,0,0,0,benign
1091,ISIC_0011212.png,0,0,0,1,0,0,0,0,0,benign
1092,ISIC_0011213.png,0,1,0,0,0,0,0,0,0,benign
1093,ISIC_0011214.png,0,0,0,1,0,0,0,0,0,benign
1094,ISIC_0011218.png,0,1,0,0,1,0,0,0,0,benign
1095,ISIC_0011219.png,0,1,0,0,1,0,0,0,0,benign
1096,ISIC_0011220.png,0,1,0,1,0,0,0,0,0,benign
1097,ISIC_0011223.png,0,0,0,1,0,0,0,0,0,benign
1098,ISIC_0011224.png,0,1,0,0,1,0,0,1,0,benign
1100,ISIC_0011227.png,0,1,0,0,1,0,0,0,0,benign
1101,ISIC_0011228.png,0,1,0,0,0,0,0,0,0,benign
1102,ISIC_0011229.png,0,0,0,1,0,0,0,1,0,benign
1103,ISIC_0011230.png,0,0,0,0,0,0,0,0,0,benign
1104,ISIC_0011292.png,0,0,0,0,0,0,0,1,0,benign
1105,ISIC_0011294.png,0,1,0,0,0,0,0,0,0,benign
1106,ISIC_0011295.png,0,0,0,0,1,0,0,0,1,malignant
1107,ISIC_0011296.png,0,1,0,0,0,0,0,0,0,benign
1108,ISIC_0011297.png,0,0,0,1,0,0,0,0,0,benign
1109,ISIC_0011298.png,1,1,0,0,1,0,0,0,0,benign
1110,ISIC_0011300.png,0,1,0,1,0,0,0,0,0,benign
1111,ISIC_0011301.png,0,1,0,1,0,0,0,0,0,benign
1112,ISIC_0011303.png,0,1,0,0,1,0,0,0,0,benign
1113,ISIC_0011304.png,0,1,0,0,1,0,0,0,0,benign
1115,ISIC_0011306.png,0,1,0,0,0,0,0,0,0,benign
1117,ISIC_0011317.png,0,0,0,0,1,0,0,0,0,benign
1119,ISIC_0011323.png,0,0,0,1,0,0,0,0,0,benign
1121,ISIC_0011326.png,0,1,0,0,0,0,0,0,0,benign
1122,ISIC_0011327.png,0,1,0,1,0,0,0,0,0,benign
1123,ISIC_0011328.png,0,1,0,0,1,0,0,0,0,benign
1125,ISIC_0011330.png,0,0,0,1,1,0,0,0,0,benign
1126,ISIC_0011333.png,0,0,0,0,0,0,0,0,0,benign
1127,ISIC_0011334.png,0,0,0,0,1,0,0,0,1,malignant
1128,ISIC_0011336.png,0,0,0,0,0,0,0,0,0,benign
1129,ISIC_0011338.png,0,0,0,1,0,0,0,0,0,benign
1130,ISIC_0011339.png,0,0,0,1,0,0,0,0,0,benign
1131,ISIC_0011341.png,0,1,0,1,0,0,0,0,0,benign
1132,ISIC_0011343.png,0,1,0,0,0,0,0,0,0,benign
1133,ISIC_0011344.png,0,1,0,0,1,0,0,0,1,malignant
1134,ISIC_0011345.png,0,1,0,0,1,0,0,0,0,benign
1135,ISIC_0011347.png,0,1,0,1,0,0,0,0,0,benign
1136,ISIC_0011348.png,0,0,1,1,0,0,0,0,1,malignant
1138,ISIC_0011352.png,0,0,0,1,0,0,0,0,0,benign
1139,ISIC_0011353.png,0,0,0,1,0,0,0,1,0,benign
1141,ISIC_0011357.png,0,1,0,1,0,0,0,0,0,benign
1142,ISIC_0011358.png,0,1,0,0,1,0,0,0,0,benign
1143,ISIC_0011359.png,0,1,0,0,1,0,0,0,0,benign
1144,ISIC_0011360.png,0,1,0,1,0,0,0,0,0,benign
1145,ISIC_0011361.png,0,1,0,1,0,0,0,0,0,benign
1147,ISIC_0011363.png,0,1,0,0,0,0,0,0,0,benign
1148,ISIC_0011366.png,0,1,0,0,1,0,0,0,1,malignant
1149,ISIC_0011367.png,0,0,0,0,0,0,0,0,0,benign
1150,ISIC_0011372.png,0,1,0,0,1,0,0,1,0,benign
1151,ISIC_0011373.png,0,0,0,1,0,0,0,0,0,benign
1153,ISIC_0011378.png,0,0,0,1,0,0,0,0,0,benign
1154,ISIC_0011382.png,0,0,0,1,0,0,0,0,0,benign
1157,ISIC_0011385.png,0,1,0,1,0,1,0,0,0,benign
1158,ISIC_0011386.png,0,1,0,0,1,0,0,0,0,benign
1159,ISIC_0011387.png,0,0,0,0,0,0,0,0,1,malignant
1161,ISIC_0011393.png,0,0,0,1,0,1,0,0,0,benign
1162,ISIC_0011397.png,0,1,0,0,0,0,0,0,0,benign
1163,ISIC_0011398.png,0,0,0,0,1,0,0,0,0,benign
1164,ISIC_0011402.png,0,0,0,1,0,0,0,0,0,benign
1166,ISIC_0012089.png,0,0,1,1,1,0,0,0,0,benign
1168,ISIC_0012092.png,1,1,0,1,1,0,0,0,0,benign
1172,ISIC_0012099.png,1,0,0,0,1,1,0,0,1,malignant
1175,ISIC_0012107.png,1,1,0,1,1,0,0,0,0,benign
1176,ISIC_0012108.png,1,1,0,1,1,0,0,0,0,benign
1177,ISIC_0012109.png,1,0,0,1,1,0,0,0,0,benign
1178,ISIC_0012116.png,1,1,0,0,1,0,0,0,0,benign
1179,ISIC_0012118.png,1,1,0,0,1,0,0,0,0,benign
1180,ISIC_0012126.png,0,1,1,0,1,0,0,0,0,benign
1181,ISIC_0012127.png,0,0,0,1,1,0,1,0,0,benign
1182,ISIC_0012134.png,0,1,1,1,1,0,0,0,0,benign
1185,ISIC_0012137.png,0,0,1,1,1,0,0,0,1,malignant
1186,ISIC_0012143.png,0,1,1,0,1,0,0,0,0,benign
1188,ISIC_0012148.png,0,1,1,0,1,0,0,0,0,benign
1190,ISIC_0012151.png,0,1,1,0,1,0,0,0,1,malignant
1193,ISIC_0012159.png,0,0,1,1,1,0,0,0,0,benign
1194,ISIC_0012160.png,0,1,1,1,1,1,0,0,0,benign
1196,ISIC_0012167.png,0,1,1,0,0,0,0,0,0,benign
1198,ISIC_0012177.png,0,1,1,0,1,0,0,0,0,benign
1208,ISIC_0012206.png,0,0,1,1,1,0,0,0,0,benign
1209,ISIC_0012207.png,0,1,1,0,1,0,0,0,0,benign
1210,ISIC_0012208.png,0,0,1,1,1,0,0,1,1,malignant
1212,ISIC_0012211.png,0,1,1,0,1,0,0,0,0,benign
1215,ISIC_0012216.png,0,1,1,1,1,0,0,0,0,benign
1219,ISIC_0012224.png,1,1,1,1,1,0,0,0,0,benign
1229,ISIC_0012248.png,0,1,1,1,1,1,0,1,0,benign
1233,ISIC_0012257.png,0,1,1,0,1,0,0,0,0,benign
1234,ISIC_0012258.png,0,0,1,0,1,1,0,1,1,malignant
1235,ISIC_0012259.png,0,1,1,0,1,0,0,0,0,benign
1242,ISIC_0012272.png,1,0,0,1,1,0,0,0,0,benign
1243,ISIC_0012273.png,0,1,1,0,1,0,0,0,0,benign
1244,ISIC_0012278.png,0,1,1,1,1,0,0,1,0,benign
1246,ISIC_0012282.png,1,1,0,1,1,1,0,0,0,benign
1249,ISIC_0012288.png,1,1,1,0,1,0,0,1,1,malignant
1250,ISIC_0012290.png,1,0,1,0,1,0,0,0,1,malignant
1251,ISIC_0012298.png,0,0,1,0,1,1,0,0,1,malignant
1252,ISIC_0012299.png,0,1,1,0,1,0,0,0,0,benign
1256,ISIC_0012311.png,0,1,1,0,1,0,0,0,0,benign
1259,ISIC_0012316.png,0,1,1,0,1,0,0,0,0,benign
1261,ISIC_0012320.png,0,1,1,1,1,0,0,0,0,benign
1263,ISIC_0012324.png,0,1,1,0,1,0,0,0,0,benign
1266,ISIC_0012330.png,0,1,1,1,1,0,0,0,0,benign
1273,ISIC_0012348.png,0,0,1,0,1,0,0,1,1,malignant
1275,ISIC_0012356.png,0,1,1,0,1,0,0,0,1,malignant
1280,ISIC_0012369.png,0,1,1,1,1,1,0,0,1,malignant
1283,ISIC_0012376.png,1,1,0,0,1,0,0,0,0,benign
1284,ISIC_0012378.png,0,0,1,1,1,0,0,0,0,benign
1285,ISIC_0012379.png,0,1,1,1,1,0,0,1,0,benign
1287,ISIC_0012382.png,0,1,1,0,1,0,0,0,1,malignant
1288,ISIC_0012384.png,1,1,0,0,1,0,0,1,0,benign
1290,ISIC_0012391.png,0,0,1,0,1,0,0,0,1,malignant
1291,ISIC_0012395.png,0,1,1,0,1,0,0,1,1,malignant
1292,ISIC_0012400.png,0,1,1,1,1,1,0,0,0,benign
1294,ISIC_0012413.png,0,1,1,0,1,0,0,0,0,benign
1297,ISIC_0012425.png,1,1,1,1,1,0,0,0,1,malignant
1299,ISIC_0012434.png,0,0,1,0,1,1,0,0,1,malignant
1300,ISIC_0012435.png,0,1,1,0,1,0,0,1,1,malignant
1301,ISIC_0012442.png,0,1,1,0,1,0,0,0,0,benign
1305,ISIC_0012450.png,1,1,1,0,1,0,0,0,1,malignant
1314,ISIC_0012484.png,1,1,0,1,1,0,0,0,0,benign
1315,ISIC_0012487.png,0,0,1,1,1,0,0,1,0,benign
1317,ISIC_0012493.png,1,1,0,1,1,0,0,0,0,benign
1318,ISIC_0012494.png,1,1,0,1,1,0,0,0,0,benign
1320,ISIC_0012496.png,1,1,0,1,1,0,0,0,0,benign
1321,ISIC_0012503.png,1,1,0,0,1,0,0,0,0,benign
1322,ISIC_0012506.png,1,0,0,1,1,0,0,0,0,benign
1323,ISIC_0012508.png,1,1,0,0,1,0,0,0,0,benign
1324,ISIC_0012510.png,1,1,0,0,1,0,0,1,0,benign
1325,ISIC_0012511.png,1,1,0,0,1,0,0,0,0,benign
1326,ISIC_0012512.png,1,1,0,1,1,0,0,1,1,malignant
1327,ISIC_0012516.png,1,1,0,1,1,0,0,1,0,benign
1328,ISIC_0012517.png,1,1,0,0,1,0,0,0,0,benign
1330,ISIC_0012520.png,1,1,0,1,1,0,0,1,0,benign
1332,ISIC_0012523.png,1,1,0,0,1,0,0,1,0,benign
1338,ISIC_0012547.png,1,1,0,1,1,0,0,0,0,benign
1340,ISIC_0012549.png,1,1,0,1,1,0,0,1,0,benign
1348,ISIC_0012658.png,0,1,1,0,1,0,0,0,0,benign
1349,ISIC_0012659.png,0,1,1,0,1,0,0,0,0,benign
1350,ISIC_0012660.png,0,1,1,0,1,0,0,0,0,benign
1352,ISIC_0012662.png,0,1,1,0,0,1,0,0,0,benign
1354,ISIC_0012664.png,0,0,1,1,0,1,0,0,0,benign
1355,ISIC_0012665.png,0,0,1,0,0,0,0,0,0,benign
1359,ISIC_0012671.png,0,0,1,1,1,0,0,0,0,benign
1362,ISIC_0012674.png,0,1,1,1,1,1,0,0,0,benign
1366,ISIC_0012678.png,0,0,1,0,1,1,0,1,1,malignant
1370,ISIC_0012682.png,0,1,1,1,1,1,0,0,0,benign
1372,ISIC_0012684.png,0,1,1,0,1,0,0,0,0,benign
1373,ISIC_0012685.png,0,1,1,0,1,0,0,0,0,benign
1377,ISIC_0012699.png,0,1,1,1,1,0,0,0,0,benign
1378,ISIC_0012700.png,0,1,1,0,1,0,0,0,0,benign
1379,ISIC_0012701.png,0,0,1,0,1,1,0,0,1,malignant
1386,ISIC_0012711.png,0,1,1,1,1,1,0,0,0,benign
1388,ISIC_0012715.png,0,0,1,1,1,1,0,0,1,malignant
1390,ISIC_0012720.png,0,0,1,1,1,0,0,1,0,benign
1393,ISIC_0012725.png,0,1,1,1,1,1,0,0,0,benign
1396,ISIC_0012737.png,0,0,1,1,1,0,0,0,0,benign
1397,ISIC_0012739.png,0,1,1,1,1,1,0,0,0,benign
1398,ISIC_0012740.png,0,1,1,1,1,1,0,0,0,benign
1401,ISIC_0012744.png,0,1,1,1,1,1,0,0,0,benign
1403,ISIC_0012749.png,1,1,0,1,1,0,0,0,1,malignant
1404,ISIC_0012756.png,1,1,0,0,1,0,0,0,1,malignant
1407,ISIC_0012770.png,1,1,0,0,1,0,0,0,0,benign
1412,ISIC_0012792.png,0,1,1,1,1,1,0,1,0,benign
1415,ISIC_0012804.png,1,1,0,1,1,0,0,0,0,benign
1427,ISIC_0012844.png,1,1,0,1,1,1,0,0,0,benign
1430,ISIC_0012856.png,1,1,0,0,1,0,0,0,0,benign
1441,ISIC_0012887.png,1,1,1,0,1,1,0,0,1,malignant
1442,ISIC_0012888.png,1,1,0,1,1,0,0,0,0,benign
1444,ISIC_0012891.png,1,1,0,0,1,0,0,0,0,benign
1446,ISIC_0012898.png,1,1,0,1,1,0,0,0,0,benign
1454,ISIC_0012930.png,0,0,1,0,1,0,0,0,1,malignant
1456,ISIC_0012939.png,0,1,1,0,1,0,0,0,0,benign
1457,ISIC_0012940.png,1,0,0,1,1,0,0,0,0,benign
1458,ISIC_0012941.png,1,1,0,0,1,0,0,0,0,benign
1459,ISIC_0012944.png,1,1,1,1,1,0,0,0,0,benign
1467,ISIC_0012966.png,0,0,1,1,1,0,0,0,0,benign
1468,ISIC_0012969.png,0,1,1,1,1,1,0,0,0,benign
1469,ISIC_0012976.png,0,0,1,1,1,0,0,1,0,benign
1470,ISIC_0012981.png,1,1,0,0,1,0,0,0,0,benign
1471,ISIC_0012986.png,1,1,0,1,1,0,0,0,0,benign
1473,ISIC_0012988.png,0,1,1,0,1,1,0,0,1,malignant
1474,ISIC_0012989.png,0,1,1,0,1,1,0,0,1,malignant
1475,ISIC_0012990.png,0,1,1,0,1,1,0,0,1,malignant
1476,ISIC_0012999.png,1,1,0,1,1,0,0,0,0,benign
1478,ISIC_0013001.png,1,1,0,1,1,0,0,0,0,benign
1479,ISIC_0013007.png,0,0,1,1,1,0,0,0,0,benign
1484,ISIC_0013024.png,0,1,1,0,1,0,0,1,0,benign
1486,ISIC_0013026.png,1,1,0,1,1,1,0,0,0,benign
1488,ISIC_0013031.png,0,0,1,1,1,0,0,0,0,benign
1489,ISIC_0013032.png,0,1,1,0,1,0,0,0,0,benign
1491,ISIC_0013035.png,0,1,1,1,1,0,0,0,0,benign
1492,ISIC_0013037.png,1,0,0,0,0,0,0,0,0,benign
1494,ISIC_0013044.png,1,0,0,1,1,0,0,0,0,benign
1495,ISIC_0013045.png,1,1,0,0,0,0,0,0,0,benign
1497,ISIC_0013048.png,1,1,0,0,1,0,0,0,0,benign
1498,ISIC_0013052.png,0,1,1,0,1,0,0,0,0,benign
1503,ISIC_0013063.png,1,0,0,1,1,0,0,0,0,benign
1507,ISIC_0013072.png,0,0,1,0,1,0,0,0,1,malignant
1508,ISIC_0013073.png,0,0,1,1,1,0,0,0,1,malignant
1510,ISIC_0013079.png,0,0,1,0,1,0,0,0,1,malignant
1513,ISIC_0013086.png,0,1,1,1,1,0,0,0,0,benign
1514,ISIC_0013087.png,0,1,1,0,1,0,0,0,0,benign
1515,ISIC_0013089.png,1,1,0,1,1,0,0,0,0,benign
1520,ISIC_0013106.png,0,1,1,1,1,1,0,0,0,benign
1522,ISIC_0013112.png,0,1,1,1,1,0,0,1,0,benign
1523,ISIC_0013114.png,0,1,1,1,1,0,0,0,0,benign
1525,ISIC_0013120.png,1,0,0,1,0,0,0,0,0,benign
1534,ISIC_0013141.png,0,1,1,0,1,0,0,0,1,malignant
1536,ISIC_0013147.png,0,1,1,0,1,0,0,0,0,benign
1540,ISIC_0013160.png,1,1,0,1,1,0,0,0,0,benign
1544,ISIC_0013166.png,0,1,1,1,1,0,0,0,0,benign
1545,ISIC_0013167.png,0,1,1,1,1,0,0,0,0,benign
1547,ISIC_0013170.png,0,1,1,1,1,0,0,0,0,benign
1554,ISIC_0013184.png,1,1,0,0,1,0,0,0,1,malignant
1555,ISIC_0013187.png,0,1,1,1,1,1,0,0,0,benign
1556,ISIC_0013189.png,1,1,1,0,0,0,0,1,0,benign
1557,ISIC_0013190.png,1,1,0,0,0,0,0,0,0,benign
1560,ISIC_0013193.png,0,1,1,1,1,0,0,0,0,benign
1563,ISIC_0013198.png,0,1,1,0,1,1,0,0,1,malignant
1567,ISIC_0013204.png,0,1,1,0,1,0,0,0,0,benign
1572,ISIC_0013213.png,0,1,1,1,1,0,0,0,0,benign
1576,ISIC_0013220.png,0,1,1,0,1,0,0,0,0,benign
1580,ISIC_0013226.png,1,0,0,1,1,0,0,0,0,benign
1584,ISIC_0013232.png,0,0,1,1,1,0,0,0,1,malignant
1585,ISIC_0013233.png,0,0,1,1,1,0,0,0,0,benign
1588,ISIC_0013242.png,1,0,1,0,1,1,0,0,1,malignant
1589,ISIC_0013244.png,0,1,1,1,1,0,0,0,0,benign
1592,ISIC_0013257.png,1,1,0,0,1,0,0,0,0,benign
1593,ISIC_0013258.png,0,1,1,0,1,1,0,0,1,malignant
1597,ISIC_0013275.png,1,1,0,0,1,0,0,0,0,benign
1598,ISIC_0013277.png,1,1,0,0,1,0,0,0,1,malignant
1603,ISIC_0013302.png,0,0,1,1,1,0,0,0,0,benign
1606,ISIC_0013310.png,1,1,0,0,1,0,0,0,0,benign
1612,ISIC_0013321.png,0,0,0,0,1,1,0,0,1,malignant
1613,ISIC_0013325.png,1,1,0,0,1,0,0,0,0,benign
1618,ISIC_0013334.png,1,1,1,1,1,0,0,0,1,malignant
1621,ISIC_0013341.png,0,1,1,0,1,0,0,0,0,benign
1623,ISIC_0013346.png,1,1,0,0,1,0,0,0,0,benign
1626,ISIC_0013359.png,1,0,0,1,1,1,0,1,1,malignant
1629,ISIC_0013365.png,1,0,1,1,1,0,0,0,1,malignant
1631,ISIC_0013371.png,1,1,0,0,1,0,0,0,0,benign
1632,ISIC_0013374.png,0,0,1,0,1,0,0,0,1,malignant
1634,ISIC_0013383.png,0,1,1,0,1,0,0,0,0,benign
1636,ISIC_0013390.png,1,1,0,0,1,0,0,0,0,benign
1639,ISIC_0013395.png,1,1,0,0,1,0,0,0,0,benign
1641,ISIC_0013398.png,1,1,0,1,1,1,0,0,0,benign
1644,ISIC_0013403.png,1,1,0,0,1,0,0,0,0,benign
1647,ISIC_0013411.png,1,0,1,0,1,1,0,0,1,malignant
1648,ISIC_0013414.png,1,0,0,1,1,1,0,0,1,malignant
1649,ISIC_0013416.png,1,1,0,0,1,0,0,0,0,benign
1650,ISIC_0013417.png,1,1,0,0,1,0,0,0,0,benign
1654,ISIC_0013427.png,1,1,0,1,1,0,0,0,1,malignant
1656,ISIC_0013429.png,1,1,0,0,1,1,0,0,1,malignant
1658,ISIC_0013432.png,1,1,0,0,1,0,0,0,0,benign
1661,ISIC_0013437.png,1,1,0,0,1,0,0,0,0,benign
1663,ISIC_0013443.png,1,1,0,1,1,0,0,0,0,benign
1664,ISIC_0013455.png,1,0,0,0,1,1,0,0,1,malignant
1666,ISIC_0013457.png,1,0,0,0,1,1,0,0,1,malignant
1668,ISIC_0013459.png,1,0,0,1,1,0,0,1,1,malignant
1669,ISIC_0013461.png,1,1,0,1,1,0,0,0,0,benign
1671,ISIC_0013472.png,1,0,0,0,1,0,0,1,1,malignant
1672,ISIC_0013473.png,1,1,1,1,1,0,0,0,1,malignant
1676,ISIC_0013488.png,0,1,1,0,1,0,0,0,0,benign
1677,ISIC_0013489.png,0,1,1,0,1,0,0,0,0,benign
1678,ISIC_0013490.png,1,1,0,0,1,1,0,0,1,malignant
1679,ISIC_0013491.png,1,0,0,0,1,1,0,0,1,malignant
1685,ISIC_0013499.png,1,0,0,0,1,0,0,1,1,malignant
1686,ISIC_0013500.png,1,1,0,0,1,0,0,1,1,malignant
1687,ISIC_0013501.png,1,1,1,1,1,1,0,0,1,malignant
1692,ISIC_0013518.png,1,1,0,1,1,0,0,0,1,malignant
1694,ISIC_0013525.png,0,0,1,0,1,1,0,0,1,malignant
1698,ISIC_0013549.png,1,0,1,0,1,0,0,0,1,malignant
1702,ISIC_0013558.png,1,1,0,1,1,0,0,0,0,benign
1703,ISIC_0013559.png,1,1,0,1,1,0,0,0,0,benign
1706,ISIC_0013565.png,1,0,1,0,1,1,0,0,1,malignant
1707,ISIC_0013567.png,1,0,1,1,1,1,0,0,1,malignant
1709,ISIC_0013572.png,0,1,1,0,1,0,0,0,1,malignant
1710,ISIC_0013573.png,1,0,1,1,1,0,0,1,1,malignant
1711,ISIC_0013577.png,1,0,1,1,1,0,0,1,1,malignant
1712,ISIC_0013578.png,1,0,1,1,1,0,0,0,1,malignant
1713,ISIC_0013579.png,1,0,0,1,1,0,0,1,1,malignant
1715,ISIC_0013581.png,0,0,1,1,1,0,0,0,1,malignant
1717,ISIC_0013588.png,1,0,0,1,1,1,0,0,1,malignant
1719,ISIC_0013594.png,1,1,0,0,1,0,0,0,1,malignant
1728,ISIC_0013606.png,1,0,0,1,1,1,0,0,1,malignant
1729,ISIC_0013610.png,0,1,1,0,1,1,0,0,1,malignant
1730,ISIC_0013615.png,1,1,1,0,1,0,0,0,1,malignant
1731,ISIC_0013617.png,1,1,1,1,1,0,0,0,1,malignant
1732,ISIC_0013618.png,1,0,1,0,1,0,0,1,1,malignant
1733,ISIC_0013621.png,1,1,0,0,1,0,0,1,0,benign
1734,ISIC_0013626.png,1,1,0,0,1,0,0,0,1,malignant
1735,ISIC_0013634.png,1,0,0,1,1,0,0,0,1,malignant
1737,ISIC_0013636.png,1,1,1,0,1,1,0,0,1,malignant
1739,ISIC_0013639.png,1,0,0,0,1,0,0,0,1,malignant
1741,ISIC_0013644.png,1,1,0,0,1,0,0,1,1,malignant
1742,ISIC_0013651.png,1,1,0,1,1,1,0,0,1,malignant
1743,ISIC_0013652.png,0,0,1,1,1,1,0,0,1,malignant
1745,ISIC_0013663.png,0,0,1,0,1,0,0,0,1,malignant
1746,ISIC_0013664.png,0,1,1,0,1,0,0,0,0,benign
1748,ISIC_0013670.png,1,0,0,1,0,0,0,0,0,benign
1749,ISIC_0013671.png,1,1,0,0,1,0,0,0,1,malignant
1750,ISIC_0013672.png,1,1,0,0,1,0,0,0,1,malignant
1751,ISIC_0013673.png,1,1,0,1,1,1,0,0,0,benign
1752,ISIC_0013674.png,0,0,1,0,1,0,0,0,1,malignant
1753,ISIC_0013675.png,1,0,0,1,1,0,0,0,0,benign
1754,ISIC_0013676.png,0,1,1,0,1,0,0,0,0,benign
1755,ISIC_0013678.png,0,0,1,1,1,1,0,1,1,malignant
1758,ISIC_0013685.png,0,1,1,0,1,0,0,0,0,benign
1759,ISIC_0013688.png,1,1,1,1,1,0,0,0,0,benign
1764,ISIC_0013696.png,1,1,0,1,1,1,0,0,1,malignant
1766,ISIC_0013708.png,1,0,0,1,0,0,0,0,0,benign
1767,ISIC_0013709.png,1,0,0,1,1,0,0,1,0,benign
1770,ISIC_0013719.png,0,1,1,1,1,1,0,0,0,benign
1771,ISIC_0013721.png,0,1,1,1,1,1,0,0,0,benign
1772,ISIC_0013733.png,1,1,0,0,1,0,0,0,1,malignant
1773,ISIC_0013736.png,1,1,0,1,1,0,0,1,1,malignant
1774,ISIC_0013737.png,1,1,0,1,1,0,0,0,0,benign
1775,ISIC_0013738.png,1,1,0,1,1,0,0,0,0,benign
1776,ISIC_0013739.png,0,0,1,0,1,1,0,0,1,malignant
1777,ISIC_0013740.png,0,0,1,1,1,1,0,0,1,malignant
1778,ISIC_0013747.png,1,1,0,0,1,0,0,1,0,benign
1780,ISIC_0013749.png,1,1,0,0,1,0,0,1,0,benign
1782,ISIC_0013762.png,1,0,1,0,1,1,0,0,1,malignant
1784,ISIC_0013766.png,1,0,0,0,1,1,0,0,1,malignant
1785,ISIC_0013767.png,1,1,0,0,1,0,0,0,1,malignant
1787,ISIC_0013775.png,1,1,0,0,1,0,0,0,1,malignant
1788,ISIC_0013777.png,1,0,1,0,1,1,0,0,1,malignant
1791,ISIC_0013783.png,0,0,1,0,1,0,0,0,1,malignant
1793,ISIC_0013792.png,0,1,1,1,1,0,0,0,0,benign
1794,ISIC_0013793.png,0,1,1,0,1,0,0,0,0,benign
1801,ISIC_0013800.png,0,1,1,1,1,1,0,0,0,benign
1802,ISIC_0013801.png,1,0,0,0,0,0,0,0,0,benign
1803,ISIC_0013802.png,1,0,0,1,0,1,0,0,0,benign
1809,ISIC_0013808.png,1,0,0,1,1,0,0,0,0,benign
1811,ISIC_0013813.png,1,0,1,0,1,1,0,1,1,malignant
1812,ISIC_0013815.png,1,0,0,1,1,1,0,0,1,malignant
1813,ISIC_0013816.png,1,1,0,1,1,0,0,0,0,benign
1814,ISIC_0013817.png,1,1,0,1,1,0,0,0,0,benign
1816,ISIC_0013828.png,0,1,1,0,1,1,0,0,1,malignant
1817,ISIC_0013830.png,1,1,0,1,1,1,0,0,0,benign
1818,ISIC_0013831.png,0,0,1,0,1,0,0,0,1,malignant
1819,ISIC_0013832.png,1,0,0,1,0,0,0,0,1,malignant
1820,ISIC_0013833.png,1,0,0,1,1,0,0,1,1,malignant
1822,ISIC_0013836.png,1,1,0,0,1,0,0,0,0,benign
1824,ISIC_0013839.png,0,1,1,0,1,1,0,0,1,malignant
1825,ISIC_0013840.png,1,1,1,0,1,1,0,0,1,malignant
1826,ISIC_0013842.png,1,0,0,0,1,0,0,0,1,malignant
1827,ISIC_0013843.png,1,1,0,0,1,0,0,0,0,benign
1828,ISIC_0013844.png,0,0,1,0,1,0,0,1,1,malignant
1829,ISIC_0013861.png,1,0,1,0,1,0,0,0,1,malignant
1830,ISIC_0013862.png,1,1,0,0,1,0,0,0,0,benign
1832,ISIC_0013865.png,1,0,0,1,1,0,0,1,1,malignant
1833,ISIC_0013867.png,1,0,0,1,1,0,0,0,1,malignant
1834,ISIC_0013874.png,1,1,0,0,1,0,0,0,1,malignant
1838,ISIC_0013891.png,1,1,0,0,1,0,0,0,0,benign
1841,ISIC_0013898.png,1,0,0,1,1,0,0,0,0,benign
1842,ISIC_0013908.png,0,1,1,0,1,1,0,0,1,malignant
1845,ISIC_0013917.png,0,0,1,1,1,1,0,0,1,malignant
1847,ISIC_0013921.png,1,0,0,1,1,0,0,0,0,benign
1849,ISIC_0013925.png,0,1,1,1,1,0,0,1,1,malignant
1851,ISIC_0013935.png,1,1,0,1,1,0,0,0,0,benign
1852,ISIC_0013936.png,0,1,1,0,1,1,0,0,1,malignant
1853,ISIC_0013942.png,1,1,0,0,1,0,0,0,0,benign
1855,ISIC_0013948.png,0,1,1,0,1,1,0,0,1,malignant
1856,ISIC_0013953.png,1,1,0,1,1,0,0,1,1,malignant
1857,ISIC_0013958.png,1,1,0,1,1,1,0,0,0,benign
1858,ISIC_0013961.png,1,1,0,1,1,1,0,0,0,benign
1862,ISIC_0013969.png,1,0,0,1,0,0,0,0,1,malignant
1864,ISIC_0013972.png,1,1,0,0,0,0,0,0,1,malignant
1865,ISIC_0013975.png,1,0,1,0,1,0,0,0,1,malignant
1866,ISIC_0013977.png,1,1,0,1,0,1,0,0,0,benign
1867,ISIC_0013980.png,1,1,0,1,1,1,0,0,0,benign
1870,ISIC_0013983.png,0,1,1,1,1,1,0,0,0,benign
1871,ISIC_0013984.png,0,0,1,0,1,1,0,0,1,malignant
1872,ISIC_0013986.png,0,1,1,0,1,1,0,1,1,malignant
1873,ISIC_0013987.png,0,0,1,0,1,1,0,0,1,malignant
1874,ISIC_0013988.png,0,0,1,0,1,0,0,1,1,malignant
1875,ISIC_0013995.png,1,1,0,0,1,1,0,0,1,malignant
1877,ISIC_0013997.png,1,0,0,1,1,1,0,0,1,malignant
1878,ISIC_0013998.png,1,1,0,1,1,1,0,0,0,benign
1880,ISIC_0014013.png,1,1,0,0,1,0,0,0,1,malignant
1882,ISIC_0014027.png,1,1,0,1,1,1,0,0,1,malignant
1886,ISIC_0014037.png,1,0,0,1,0,0,0,1,1,malignant
1887,ISIC_0014044.png,1,0,0,0,1,0,0,0,1,malignant
1889,ISIC_0014049.png,0,0,1,0,1,0,0,0,1,malignant
1890,ISIC_0014059.png,1,0,0,0,1,0,0,0,1,malignant
1891,ISIC_0014062.png,1,0,0,0,1,0,0,0,1,malignant
1892,ISIC_0014066.png,1,0,0,1,1,0,0,0,0,benign
1893,ISIC_0014069.png,1,0,0,1,1,0,0,0,0,benign
1894,ISIC_0014072.png,1,1,0,1,1,0,0,1,1,malignant
1896,ISIC_0014076.png,1,1,0,0,1,0,0,0,1,malignant
1897,ISIC_0014077.png,1,1,0,0,1,0,0,0,1,malignant
1898,ISIC_0014080.png,1,1,0,0,1,0,0,0,0,benign
1899,ISIC_0014081.png,1,1,0,0,1,0,0,1,0,benign
1900,ISIC_0014089.png,1,0,0,1,1,0,0,1,0,benign
1902,ISIC_0014092.png,1,1,0,0,1,0,0,0,1,malignant
1903,ISIC_0014093.png,0,1,1,0,1,0,0,0,0,benign
1904,ISIC_0014094.png,0,1,1,0,1,0,0,0,0,benign
1905,ISIC_0014099.png,1,0,0,1,1,0,0,0,1,malignant
1906,ISIC_0014103.png,1,1,0,0,1,0,0,0,1,malignant
1907,ISIC_0014108.png,1,1,0,0,1,0,0,0,1,malignant
1908,ISIC_0014110.png,1,0,0,0,1,0,0,0,1,malignant
1909,ISIC_0014114.png,1,1,0,1,1,0,0,0,0,benign
1910,ISIC_0014117.png,1,1,0,0,1,0,0,0,0,benign
1911,ISIC_0014127.png,1,1,0,0,1,0,0,1,1,malignant
1912,ISIC_0014129.png,1,1,0,0,0,0,0,0,1,malignant
1913,ISIC_0014131.png,1,1,0,1,1,0,0,0,0,benign
1914,ISIC_0014132.png,1,0,0,0,1,0,0,1,1,malignant
1915,ISIC_0014133.png,1,1,0,1,1,0,0,0,1,malignant
1916,ISIC_0014136.png,1,1,0,0,1,0,1,0,1,malignant
1917,ISIC_0014139.png,1,1,0,1,1,0,0,0,0,benign
1918,ISIC_0014144.png,1,1,0,1,1,0,0,1,1,malignant
1919,ISIC_0014149.png,1,0,0,1,1,0,0,0,0,benign
1921,ISIC_0014151.png,1,1,0,1,1,0,0,1,1,malignant
1922,ISIC_0014156.png,1,1,0,0,0,0,0,0,1,malignant
1923,ISIC_0014157.png,1,1,0,0,1,0,0,0,1,malignant
1924,ISIC_0014158.png,1,1,0,0,1,0,0,0,0,benign
1925,ISIC_0014160.png,1,1,0,1,1,0,0,0,1,malignant
1927,ISIC_0014163.png,1,1,0,1,1,0,0,1,1,malignant
1928,ISIC_0014164.png,1,1,0,1,1,0,0,0,0,benign
1929,ISIC_0014166.png,1,1,0,1,1,0,0,0,0,benign
1931,ISIC_0014171.png,1,1,0,0,1,0,0,0,1,malignant
1932,ISIC_0014173.png,1,0,0,1,1,0,0,1,1,malignant
1933,ISIC_0014174.png,1,0,0,1,1,0,0,0,0,benign
1934,ISIC_0014178.png,1,0,0,1,1,0,0,0,0,benign
1935,ISIC_0014181.png,1,1,0,1,1,0,0,0,1,malignant
1936,ISIC_0014183.png,1,1,0,1,1,0,0,0,1,malignant
1937,ISIC_0014185.png,1,1,0,1,1,0,0,0,0,benign
1938,ISIC_0014186.png,1,1,0,1,1,0,0,0,1,malignant
1939,ISIC_0014187.png,1,0,0,0,1,0,0,1,1,malignant
1940,ISIC_0014189.png,1,1,0,1,1,0,0,1,1,malignant
1941,ISIC_0014190.png,1,0,0,1,1,0,0,0,1,malignant
1943,ISIC_0014197.png,1,0,0,1,1,0,0,0,0,benign
1944,ISIC_0014211.png,1,1,0,1,1,0,0,0,0,benign
1945,ISIC_0014217.png,1,1,0,0,1,0,0,1,1,malignant
1946,ISIC_0014219.png,1,0,0,1,1,0,0,0,1,malignant
1947,ISIC_0014221.png,1,1,0,1,1,0,0,0,1,malignant
1948,ISIC_0014222.png,1,1,0,1,1,0,0,1,1,malignant
1950,ISIC_0014229.png,1,0,0,0,1,0,0,0,1,malignant
1951,ISIC_0014233.png,1,0,0,1,1,0,0,0,1,malignant
1952,ISIC_0014238.png,1,0,0,0,1,0,0,0,1,malignant
1953,ISIC_0014248.png,1,1,0,1,1,0,0,0,0,benign
1954,ISIC_0014249.png,1,0,0,1,1,0,0,0,1,malignant
1955,ISIC_0014253.png,1,0,0,1,1,0,0,0,0,benign
1956,ISIC_0014255.png,1,1,0,1,1,0,0,0,1,malignant
1957,ISIC_0014263.png,1,0,0,1,1,0,0,1,0,benign
1958,ISIC_0014270.png,1,0,0,1,1,0,0,0,1,malignant
1959,ISIC_0014273.png,1,1,0,1,1,0,0,1,0,benign
1960,ISIC_0014274.png,1,1,0,1,1,0,0,0,0,benign
1961,ISIC_0014284.png,1,1,0,0,1,0,0,1,1,malignant
1962,ISIC_0014286.png,1,0,0,1,1,0,0,0,0,benign
1963,ISIC_0014288.png,1,0,0,0,1,0,0,0,1,malignant
1967,ISIC_0014299.png,1,1,0,1,1,0,0,1,0,benign
1968,ISIC_0014302.png,1,0,0,1,1,0,0,0,1,malignant
1969,ISIC_0014308.png,1,0,0,0,1,0,0,0,1,malignant
1970,ISIC_0014311.png,1,1,0,1,1,0,0,1,0,benign
1971,ISIC_0014316.png,1,0,0,1,1,0,0,0,1,malignant
1972,ISIC_0014317.png,1,1,0,1,1,0,0,0,0,benign
1973,ISIC_0014324.png,1,0,0,1,1,0,0,1,1,malignant
1974,ISIC_0014325.png,1,0,0,0,1,0,0,0,1,malignant
1975,ISIC_0014327.png,1,0,0,1,1,0,0,0,1,malignant
1977,ISIC_0014331.png,1,0,0,1,1,0,0,1,1,malignant
1978,ISIC_0014336.png,1,1,0,1,1,0,0,1,1,malignant
1979,ISIC_0014337.png,1,0,0,1,1,0,0,1,1,malignant
1980,ISIC_0014346.png,1,1,0,1,1,0,0,0,0,benign
1981,ISIC_0014347.png,1,0,0,0,1,0,0,0,1,malignant
1982,ISIC_0014349.png,1,0,0,1,1,0,0,1,1,malignant
1984,ISIC_0014357.png,1,1,0,1,1,0,0,1,1,malignant
1985,ISIC_0014360.png,1,0,1,1,1,0,0,1,1,malignant
1986,ISIC_0014361.png,1,1,0,0,1,1,0,0,1,malignant
1987,ISIC_0014365.png,1,1,0,1,1,0,0,0,0,benign
1988,ISIC_0014366.png,1,1,1,1,1,0,0,0,1,malignant
1989,ISIC_0014372.png,1,0,0,1,1,0,0,0,1,malignant
1991,ISIC_0014385.png,1,0,0,1,1,0,0,1,1,malignant
1992,ISIC_0014386.png,1,1,0,1,1,0,0,0,0,benign
1993,ISIC_0014392.png,1,1,0,1,1,0,0,0,0,benign
1994,ISIC_0014393.png,1,1,0,1,1,0,0,0,0,benign
1995,ISIC_0014394.png,1,1,0,1,1,0,0,0,0,benign
1996,ISIC_0014395.png,1,0,0,1,1,0,0,1,1,malignant
1997,ISIC_0014397.png,1,1,0,1,1,0,0,0,0,benign
1998,ISIC_0014410.png,1,1,0,1,1,0,0,0,0,benign
1999,ISIC_0014419.png,1,0,0,1,1,0,0,1,0,benign
2000,ISIC_0014422.png,1,1,0,0,1,0,0,1,1,malignant
2001,ISIC_0014423.png,1,0,0,1,1,0,0,1,1,malignant
2002,ISIC_0014428.png,1,0,0,1,1,0,0,0,1,malignant
2003,ISIC_0014430.png,1,0,0,1,1,0,0,0,0,benign
2004,ISIC_0014431.png,1,0,0,1,1,0,0,0,0,benign
2006,ISIC_0014434.png,1,1,0,1,1,0,0,0,1,malignant
2007,ISIC_0014438.png,1,1,0,1,1,0,0,0,0,benign
2008,ISIC_0014440.png,1,1,0,1,1,0,0,0,0,benign
2009,ISIC_0014441.png,1,0,0,1,1,0,0,1,0,benign
2010,ISIC_0014453.png,1,1,0,1,1,0,0,0,0,benign
2011,ISIC_0014454.png,1,0,0,1,1,1,0,0,1,malignant
2012,ISIC_0014457.png,1,0,0,1,1,0,0,0,0,benign
2016,ISIC_0014473.png,1,1,0,1,1,0,0,0,0,benign
2017,ISIC_0014475.png,1,1,0,0,1,0,0,0,0,benign
2019,ISIC_0014478.png,1,0,0,1,1,0,0,1,1,malignant
2020,ISIC_0014480.png,1,0,0,0,1,0,0,0,1,malignant
2021,ISIC_0014486.png,1,0,0,1,1,0,0,1,1,malignant
2022,ISIC_0014489.png,1,0,0,1,1,1,0,1,1,malignant
2024,ISIC_0014498.png,1,1,0,1,1,0,0,0,0,benign
2025,ISIC_0014500.png,1,0,0,1,1,0,0,0,0,benign
2026,ISIC_0014501.png,1,0,0,1,1,0,0,0,1,malignant
2028,ISIC_0014503.png,1,1,0,1,1,1,0,0,0,benign
2029,ISIC_0014506.png,1,0,0,1,1,0,0,0,1,malignant
2030,ISIC_0014507.png,1,0,0,0,1,0,0,1,1,malignant
2031,ISIC_0014511.png,1,0,0,1,1,0,0,0,0,benign
2032,ISIC_0014513.png,1,0,0,1,1,0,0,0,1,malignant
2033,ISIC_0014518.png,1,1,0,1,1,1,0,1,1,malignant
2034,ISIC_0014522.png,1,1,0,1,1,0,0,0,0,benign
2035,ISIC_0014525.png,1,1,0,1,1,0,0,0,1,malignant
2036,ISIC_0014526.png,1,0,0,1,1,0,0,0,0,benign
2037,ISIC_0014527.png,1,1,0,0,1,0,0,0,1,malignant
2038,ISIC_0014529.png,1,1,0,1,1,0,0,0,0,benign
2039,ISIC_0014535.png,1,0,0,1,1,0,0,0,0,benign
2041,ISIC_0014541.png,1,0,0,0,1,0,0,1,1,malignant
2043,ISIC_0014543.png,1,0,0,1,1,0,0,0,1,malignant
2044,ISIC_0014545.png,1,0,0,1,1,0,0,0,1,malignant
2045,ISIC_0014546.png,1,0,0,0,1,1,0,0,1,malignant
2047,ISIC_0014548.png,1,0,0,0,1,0,0,0,1,malignant
2049,ISIC_0014558.png,1,0,0,1,1,0,0,0,1,malignant
2050,ISIC_0014559.png,1,1,0,1,1,0,0,1,1,malignant
2051,ISIC_0014567.png,1,0,0,1,0,0,0,0,0,benign
2052,ISIC_0014572.png,1,0,0,1,0,0,0,1,0,benign
2053,ISIC_0014573.png,1,0,0,1,0,0,0,0,0,benign
2054,ISIC_0014574.png,1,0,0,0,0,0,0,0,0,benign
2056,ISIC_0014577.png,1,1,0,0,0,0,1,0,0,benign
2059,ISIC_0014583.png,1,1,0,1,0,0,1,0,0,benign
2060,ISIC_0014585.png,0,0,0,0,1,0,0,1,0,benign
2061,ISIC_0014586.png,0,0,0,0,1,0,0,0,0,benign
2062,ISIC_0014587.png,1,1,0,1,0,0,0,0,0,benign
2063,ISIC_0014596.png,1,1,0,1,0,0,0,0,0,benign
2064,ISIC_0014599.png,1,1,0,1,0,0,0,1,0,benign
2065,ISIC_0014600.png,1,1,0,0,0,0,0,0,0,benign
2066,ISIC_0014601.png,1,1,0,0,0,0,0,0,0,benign
2067,ISIC_0014603.png,1,0,0,1,0,0,0,1,0,benign
2068,ISIC_0014605.png,1,0,0,1,0,0,0,0,0,benign
2069,ISIC_0014609.png,1,0,0,0,0,0,0,0,0,benign
2070,ISIC_0014610.png,1,0,0,1,0,0,0,1,0,benign
2071,ISIC_0014617.png,1,1,0,0,0,0,0,1,0,benign
2072,ISIC_0014619.png,1,0,0,1,0,0,0,1,0,benign
2073,ISIC_0014623.png,1,0,0,1,0,0,0,0,0,benign
2074,ISIC_0014624.png,1,0,0,0,0,0,0,0,0,benign
2076,ISIC_0014628.png,1,0,0,0,0,0,0,0,0,benign
2077,ISIC_0014632.png,1,0,0,1,0,0,0,0,0,benign
2078,ISIC_0014633.png,1,0,0,0,0,0,0,0,0,benign
2079,ISIC_0014635.png,1,1,0,0,0,0,0,0,0,benign
2080,ISIC_0014637.png,1,0,0,0,0,0,0,1,0,benign
2081,ISIC_0014639.png,1,1,0,0,0,0,0,0,0,benign
2082,ISIC_0014640.png,1,0,0,1,0,0,0,0,0,benign
2083,ISIC_0014642.png,1,0,0,1,0,0,0,0,0,benign
2084,ISIC_0014643.png,1,0,0,1,0,0,0,0,0,benign
2085,ISIC_0014651.png,1,0,0,1,0,0,0,0,0,benign
2086,ISIC_0014652.png,1,0,0,1,0,0,0,0,0,benign
2087,ISIC_0014657.png,0,1,0,1,0,0,0,0,0,benign
2088,ISIC_0014658.png,0,1,0,1,0,0,0,0,0,benign
2089,ISIC_0014661.png,0,0,0,1,0,0,0,0,0,benign
2090,ISIC_0014663.png,1,1,0,0,0,0,0,1,1,malignant
2091,ISIC_0014664.png,1,1,0,1,0,0,0,0,0,benign
2092,ISIC_0014665.png,1,1,0,1,0,0,0,0,0,benign
2094,ISIC_0014667.png,1,0,0,1,0,0,0,0,0,benign
2095,ISIC_0014675.png,0,1,0,1,0,0,0,0,0,benign
2096,ISIC_0014677.png,1,1,0,1,0,0,0,0,0,benign
2097,ISIC_0014680.png,0,1,0,1,0,0,0,0,0,benign
2098,ISIC_0014682.png,0,1,0,1,0,0,0,0,0,benign
2099,ISIC_0014683.png,0,1,0,1,0,0,0,0,0,benign
2100,ISIC_0014684.png,0,1,0,1,0,0,0,1,0,benign
2101,ISIC_0014685.png,0,1,0,1,0,0,0,0,0,benign
2102,ISIC_0014687.png,1,1,0,0,0,0,0,1,0,benign
2103,ISIC_0014688.png,1,1,0,0,0,0,0,1,1,malignant
2104,ISIC_0014692.png,0,1,0,1,0,0,0,0,0,benign
2105,ISIC_0014693.png,1,1,0,1,0,0,0,0,0,benign
2106,ISIC_0014694.png,1,1,0,1,0,0,0,0,0,benign
2107,ISIC_0014696.png,1,0,0,1,0,0,0,0,0,benign
2108,ISIC_0014697.png,0,1,0,1,0,0,0,0,0,benign
2109,ISIC_0014698.png,0,1,0,1,0,0,0,0,0,benign
2110,ISIC_0014702.png,0,1,0,1,0,0,0,0,0,benign
2112,ISIC_0014707.png,1,1,0,1,0,0,0,0,0,benign
2113,ISIC_0014708.png,0,1,0,1,0,0,0,0,0,benign
2114,ISIC_0014713.png,0,1,0,1,0,0,0,0,0,benign
2115,ISIC_0014714.png,0,1,0,1,0,0,0,0,0,benign
2116,ISIC_0014715.png,0,1,0,1,0,0,0,1,0,benign
2117,ISIC_0014716.png,0,1,0,1,0,0,0,0,0,benign
2118,ISIC_0014720.png,0,1,0,1,0,0,0,0,0,benign
2120,ISIC_0014723.png,0,1,0,1,0,0,0,0,0,benign
2121,ISIC_0014724.png,0,1,0,1,0,0,0,0,0,benign
2122,ISIC_0014725.png,0,1,0,1,0,0,0,0,0,benign
2123,ISIC_0014726.png,0,1,0,1,0,0,0,0,0,benign
2124,ISIC_0014728.png,0,1,0,1,0,0,0,1,0,benign
2125,ISIC_0014729.png,0,1,0,1,0,0,0,0,0,benign
2126,ISIC_0014730.png,0,0,0,1,0,0,0,1,0,benign
2127,ISIC_0014731.png,0,0,0,1,0,0,0,1,0,benign
2128,ISIC_0014735.png,1,0,0,1,0,0,0,0,1,malignant
2129,ISIC_0014739.png,0,1,0,0,0,0,0,0,0,benign
2130,ISIC_0014740.png,0,1,0,1,0,0,0,0,0,benign
2131,ISIC_0014742.png,0,0,0,1,0,0,0,0,0,benign
2132,ISIC_0014743.png,0,1,0,1,0,0,0,0,0,benign
2133,ISIC_0014745.png,0,0,0,1,0,0,0,1,0,benign
2134,ISIC_0014746.png,0,1,0,1,0,0,0,0,0,benign
2135,ISIC_0014748.png,0,1,0,0,0,0,0,0,0,benign
2136,ISIC_0014749.png,0,0,0,1,0,1,0,0,0,benign
2137,ISIC_0014753.png,0,0,0,1,0,0,0,0,0,benign
2138,ISIC_0014754.png,0,1,0,0,0,0,0,0,0,benign
2139,ISIC_0014755.png,0,0,0,1,1,0,0,0,0,benign
2140,ISIC_0014760.png,1,1,0,1,0,0,0,0,0,benign
2141,ISIC_0014762.png,0,1,0,0,0,0,0,0,0,benign
2142,ISIC_0014763.png,0,1,0,1,0,0,0,0,0,benign
2143,ISIC_0014765.png,0,1,0,1,0,0,0,1,0,benign
2144,ISIC_0014768.png,0,1,0,1,0,0,0,0,0,benign
2145,ISIC_0014769.png,0,0,0,1,0,0,0,0,0,benign
2146,ISIC_0014770.png,0,1,0,1,0,0,0,0,0,benign
2147,ISIC_0014771.png,0,1,0,1,0,0,0,0,0,benign
2149,ISIC_0014773.png,0,1,0,1,0,0,0,0,0,benign
2150,ISIC_0014775.png,0,1,0,1,0,0,0,0,0,benign
2151,ISIC_0014778.png,0,1,0,1,0,0,0,0,0,benign
2152,ISIC_0014779.png,0,1,0,1,0,0,0,0,0,benign
2153,ISIC_0014780.png,0,1,0,1,0,0,0,1,0,benign
2154,ISIC_0014782.png,0,0,0,1,0,0,0,1,0,benign
2155,ISIC_0014783.png,0,1,0,1,0,0,0,0,0,benign
2157,ISIC_0014785.png,0,1,0,1,0,0,0,0,0,benign
2158,ISIC_0014786.png,0,1,0,1,0,0,0,0,0,benign
2159,ISIC_0014787.png,0,1,0,1,0,0,0,0,0,benign
2162,ISIC_0014791.png,0,1,0,1,0,0,0,0,0,benign
2163,ISIC_0014792.png,0,1,0,1,0,0,0,0,0,benign
2164,ISIC_0014794.png,0,0,0,1,0,0,0,0,0,benign
2166,ISIC_0014796.png,0,0,0,1,0,0,0,1,0,benign
2167,ISIC_0014797.png,0,0,0,1,0,0,0,1,0,benign
2168,ISIC_0014798.png,0,0,0,1,0,0,0,0,0,benign
2170,ISIC_0014802.png,0,1,0,1,0,0,0,0,0,benign
2171,ISIC_0014803.png,0,1,0,1,0,0,0,0,0,benign
2172,ISIC_0014804.png,0,1,0,1,0,0,0,1,0,benign
2173,ISIC_0014805.png,0,1,0,1,0,0,0,0,0,benign
2174,ISIC_0014806.png,0,1,0,1,0,0,0,0,0,benign
2175,ISIC_0014807.png,0,1,0,1,0,0,0,0,0,benign
2176,ISIC_0014808.png,0,1,0,1,0,0,0,0,0,benign
2178,ISIC_0014812.png,0,0,0,1,0,0,0,0,0,benign
2179,ISIC_0014814.png,0,0,0,1,0,0,0,0,0,benign
2180,ISIC_0014815.png,0,1,0,1,0,0,0,0,0,benign
2181,ISIC_0014818.png,0,0,0,1,0,0,0,0,0,benign
2182,ISIC_0014820.png,0,0,0,1,0,0,0,0,0,benign
2183,ISIC_0014821.png,0,0,0,1,0,0,0,1,0,benign
2184,ISIC_0014823.png,0,1,0,1,0,0,0,0,0,benign
2185,ISIC_0014825.png,0,1,0,1,0,0,0,0,0,benign
2187,ISIC_0014829.png,0,1,0,1,0,0,0,0,0,benign
2188,ISIC_0014830.png,0,1,0,1,0,0,0,0,0,benign
2189,ISIC_0014831.png,0,1,0,1,0,0,0,0,0,benign
2191,ISIC_0014833.png,0,1,0,1,0,0,0,1,0,benign
2192,ISIC_0014834.png,0,1,0,1,0,0,0,1,0,benign
2193,ISIC_0014835.png,1,1,0,1,0,0,0,0,0,benign
2194,ISIC_0014836.png,0,1,0,1,0,0,0,0,0,benign
2195,ISIC_0014838.png,0,1,0,1,0,0,0,1,0,benign
2196,ISIC_0014839.png,0,1,0,1,0,0,0,1,0,benign
2197,ISIC_0014843.png,0,1,0,1,0,0,0,1,0,benign
2198,ISIC_0014844.png,0,1,0,1,0,0,0,1,0,benign
2199,ISIC_0014845.png,0,1,0,1,0,0,0,0,0,benign
2200,ISIC_0014846.png,0,1,0,1,0,0,0,0,0,benign
2201,ISIC_0014848.png,0,1,0,1,0,0,0,0,0,benign
2202,ISIC_0014849.png,0,1,0,1,0,0,0,1,0,benign
2203,ISIC_0014850.png,0,1,0,1,0,0,0,0,0,benign
2204,ISIC_0014851.png,0,1,0,1,0,0,0,0,0,benign
2205,ISIC_0014853.png,0,1,0,1,0,0,0,0,0,benign
2206,ISIC_0014854.png,1,1,0,1,0,0,0,0,0,benign
2207,ISIC_0014855.png,0,1,0,1,0,0,0,0,0,benign
2209,ISIC_0014860.png,0,1,0,1,0,0,0,0,0,benign
2211,ISIC_0014863.png,0,1,0,1,0,0,0,0,0,benign
2212,ISIC_0014867.png,0,1,0,1,0,0,0,0,0,benign
2213,ISIC_0014868.png,0,0,0,1,0,0,0,0,0,benign
2214,ISIC_0014869.png,0,1,0,1,0,0,0,1,0,benign
2216,ISIC_0014876.png,0,1,0,1,0,0,0,0,0,benign
2217,ISIC_0014879.png,0,1,0,1,0,0,0,0,0,benign
2219,ISIC_0014890.png,1,0,0,1,0,0,0,0,0,benign
2222,ISIC_0014898.png,0,1,0,1,0,0,0,0,0,benign
2223,ISIC_0014901.png,0,1,0,1,0,0,0,0,0,benign
2224,ISIC_0014903.png,0,1,0,1,0,0,0,0,0,benign
2225,ISIC_0014904.png,0,1,0,1,0,0,0,0,0,benign
2226,ISIC_0014907.png,0,1,0,1,0,0,0,1,0,benign
2227,ISIC_0014908.png,0,1,0,1,0,0,0,0,0,benign
2228,ISIC_0014910.png,0,1,0,1,0,0,0,0,0,benign
2229,ISIC_0014911.png,0,1,0,1,0,0,0,1,0,benign
2231,ISIC_0014913.png,0,1,0,1,0,0,0,1,0,benign
2232,ISIC_0014915.png,0,1,0,1,0,0,0,0,0,benign
2235,ISIC_0014921.png,0,1,0,1,0,0,0,0,0,benign
2236,ISIC_0014922.png,1,0,0,1,1,0,0,1,1,malignant
2237,ISIC_0014923.png,1,1,0,1,0,0,0,0,0,benign
2238,ISIC_0014925.png,1,1,0,1,0,0,0,0,0,benign
2239,ISIC_0014926.png,0,0,0,1,0,0,0,1,0,benign
2240,ISIC_0014927.png,0,1,0,1,0,0,0,0,0,benign
2242,ISIC_0014929.png,1,1,0,1,0,0,0,0,0,benign
2243,ISIC_0014930.png,0,1,0,1,0,0,0,1,0,benign
2246,ISIC_0014933.png,1,1,0,1,0,0,0,0,0,benign
2247,ISIC_0014936.png,0,1,0,1,0,0,0,0,0,benign
2248,ISIC_0014937.png,0,1,0,1,0,0,0,1,0,benign
2249,ISIC_0014938.png,0,1,0,0,1,0,0,1,0,benign
2250,ISIC_0014940.png,0,1,0,1,0,0,0,0,0,benign
2251,ISIC_0014941.png,0,1,0,1,0,0,0,0,0,benign
2252,ISIC_0014942.png,0,1,0,1,0,0,0,1,0,benign
2253,ISIC_0014943.png,0,0,0,1,1,0,0,1,0,benign
2254,ISIC_0014944.png,0,1,0,1,0,0,0,0,0,benign
2255,ISIC_0014945.png,0,1,0,1,0,0,0,0,0,benign
2257,ISIC_0014947.png,0,1,0,1,1,0,0,0,0,benign
2258,ISIC_0014948.png,0,1,0,1,0,0,0,1,0,benign
2259,ISIC_0014949.png,1,0,0,1,0,0,0,0,0,benign
2261,ISIC_0014952.png,0,1,0,1,0,0,0,0,0,benign
2262,ISIC_0014955.png,0,0,0,1,1,0,0,1,0,benign
2263,ISIC_0014956.png,0,1,0,1,0,0,0,1,0,benign
2264,ISIC_0014957.png,0,1,0,1,0,0,0,0,0,benign
2265,ISIC_0014958.png,0,1,0,1,0,0,0,0,0,benign
2266,ISIC_0014961.png,1,0,0,1,0,0,0,0,0,benign
2267,ISIC_0014962.png,0,1,0,1,0,0,0,1,0,benign
2269,ISIC_0014964.png,0,1,0,1,0,0,0,0,0,benign
2270,ISIC_0014966.png,0,0,0,1,0,0,0,0,0,benign
2271,ISIC_0014968.png,0,1,0,1,0,0,0,0,0,benign
2272,ISIC_0014969.png,0,1,0,1,0,0,0,0,0,benign
2273,ISIC_0014973.png,0,1,0,1,0,0,0,0,0,benign
2274,ISIC_0014974.png,0,1,0,1,0,0,0,1,0,benign
2281,ISIC_0014989.png,0,1,0,1,0,0,0,0,0,benign
2282,ISIC_0014992.png,0,1,0,1,0,0,0,0,0,benign
2283,ISIC_0014994.png,0,1,0,1,0,0,0,0,0,benign
2284,ISIC_0014998.png,0,1,0,1,0,0,0,0,0,benign
2285,ISIC_0015002.png,0,1,0,1,0,0,0,0,0,benign
2286,ISIC_0015003.png,0,0,0,1,0,0,0,1,0,benign
2288,ISIC_0015007.png,0,0,0,1,0,0,0,0,0,benign
2289,ISIC_0015008.png,0,1,0,1,0,0,0,0,0,benign
2290,ISIC_0015009.png,0,0,0,1,0,0,0,0,0,benign
2291,ISIC_0015011.png,0,0,0,1,0,0,0,1,0,benign
2292,ISIC_0015013.png,0,1,0,1,0,0,0,1,0,benign
2293,ISIC_0015015.png,0,1,0,1,0,0,0,0,0,benign
2294,ISIC_0015016.png,0,1,0,1,0,0,0,0,0,benign
2295,ISIC_0015018.png,0,1,0,1,0,0,0,1,0,benign
2296,ISIC_0015019.png,0,1,0,1,0,0,0,0,0,benign
2297,ISIC_0015020.png,0,1,0,1,0,0,0,1,0,benign
2298,ISIC_0015021.png,0,1,0,1,0,0,0,0,0,benign
2299,ISIC_0015023.png,0,1,0,1,0,0,0,0,0,benign
2300,ISIC_0015026.png,0,1,0,1,0,0,0,1,0,benign
2301,ISIC_0015030.png,0,1,0,1,0,0,0,0,0,benign
2302,ISIC_0015031.png,0,1,0,1,0,0,0,0,0,benign
2303,ISIC_0015032.png,0,0,0,1,0,0,0,1,0,benign
2304,ISIC_0015034.png,0,1,0,1,0,0,0,0,0,benign
2305,ISIC_0015035.png,0,0,0,0,0,0,0,0,0,benign
2306,ISIC_0015037.png,0,1,0,1,0,0,0,0,0,benign
2307,ISIC_0015040.png,0,1,0,1,0,0,0,0,0,benign
2309,ISIC_0015043.png,0,1,0,1,0,0,0,0,0,benign
2310,ISIC_0015044.png,0,1,0,1,0,0,0,0,0,benign
2313,ISIC_0015051.png,0,1,0,1,0,0,0,0,0,benign
2314,ISIC_0015056.png,0,1,0,1,0,0,0,0,0,benign
2315,ISIC_0015057.png,0,1,0,1,0,0,0,1,0,benign
2316,ISIC_0015060.png,0,1,0,1,0,0,0,0,0,benign
2317,ISIC_0015062.png,0,0,0,1,0,0,0,0,0,benign
2318,ISIC_0015064.png,0,0,0,1,0,0,0,0,0,benign
2320,ISIC_0015078.png,0,1,0,1,0,0,0,0,0,benign
2322,ISIC_0015082.png,1,1,0,0,0,0,0,0,1,malignant
2323,ISIC_0015089.png,0,1,0,1,0,0,0,0,0,benign
2324,ISIC_0015102.png,0,0,0,1,0,0,0,0,0,benign
2325,ISIC_0015108.png,0,1,0,1,0,0,0,0,0,benign
2328,ISIC_0015113.png,0,0,0,1,0,0,0,1,0,benign
2330,ISIC_0015118.png,0,1,0,1,0,0,0,0,0,benign
2332,ISIC_0015125.png,1,1,0,1,0,0,0,0,0,benign
2334,ISIC_0015129.png,0,0,0,1,0,0,0,0,0,benign
2335,ISIC_0015130.png,0,1,0,1,0,0,0,0,0,benign
2339,ISIC_0015139.png,0,1,0,1,1,0,0,0,0,benign
2340,ISIC_0015140.png,1,1,0,1,0,0,0,0,0,benign
2341,ISIC_0015142.png,1,0,0,1,0,0,0,0,1,malignant
2342,ISIC_0015144.png,0,1,0,1,1,0,0,0,0,benign
2343,ISIC_0015146.png,0,1,0,1,1,0,0,1,0,benign
2344,ISIC_0015149.png,0,0,0,1,0,0,0,0,0,benign
2345,ISIC_0015150.png,0,0,0,1,0,0,0,0,0,benign
2346,ISIC_0015152.png,0,1,0,1,0,0,0,0,0,benign
2347,ISIC_0015153.png,0,1,0,1,0,0,0,1,0,benign
2348,ISIC_0015155.png,0,1,0,1,0,0,0,0,0,benign
2350,ISIC_0015157.png,0,0,0,1,0,0,0,0,0,benign
2351,ISIC_0015158.png,0,0,0,1,0,0,0,0,0,benign
2352,ISIC_0015160.png,0,1,0,1,0,0,0,0,0,benign
2353,ISIC_0015161.png,0,1,0,1,0,0,0,0,0,benign
2357,ISIC_0015170.png,0,0,0,1,0,0,0,0,0,benign
2358,ISIC_0015171.png,0,1,0,1,0,0,0,0,0,benign
2359,ISIC_0015173.png,0,0,0,1,0,0,0,1,0,benign
2360,ISIC_0015174.png,0,0,0,1,0,0,0,0,0,benign
2361,ISIC_0015175.png,0,1,0,1,0,0,0,1,0,benign
2362,ISIC_0015176.png,0,1,0,1,0,0,0,0,0,benign
2363,ISIC_0015179.png,0,1,0,1,0,0,0,0,0,benign
2365,ISIC_0015184.png,0,0,0,1,0,0,0,0,0,benign
2371,ISIC_0015201.png,1,1,0,1,0,0,0,0,0,benign
2372,ISIC_0015202.png,0,1,0,1,0,0,0,0,0,benign
2373,ISIC_0015203.png,0,1,0,1,0,0,0,0,0,benign
2376,ISIC_0015207.png,0,1,0,1,0,0,0,1,0,benign
2377,ISIC_0015208.png,1,1,0,1,0,0,0,0,0,benign
2378,ISIC_0015211.png,0,1,0,1,0,0,0,1,0,benign
2379,ISIC_0015212.png,0,1,0,1,0,0,0,0,0,benign
2380,ISIC_0015215.png,0,1,0,1,0,0,0,0,0,benign
2381,ISIC_0015216.png,0,1,0,1,0,0,0,0,0,benign
2382,ISIC_0015218.png,0,1,0,1,0,0,0,0,0,benign
2384,ISIC_0015220.png,0,1,0,0,0,0,0,1,0,benign
2385,ISIC_0015223.png,0,1,0,1,0,0,0,0,0,benign
2386,ISIC_0015224.png,0,1,0,1,0,0,0,0,0,benign
2387,ISIC_0015226.png,0,1,0,1,0,0,0,1,0,benign
2388,ISIC_0015229.png,1,0,0,1,0,0,0,0,1,malignant
2389,ISIC_0015232.png,0,1,0,1,0,0,0,1,0,benign
2390,ISIC_0015233.png,0,1,0,1,0,0,0,1,0,benign
2391,ISIC_0015237.png,0,1,0,1,0,0,0,0,0,benign
2392,ISIC_0015241.png,0,1,0,1,0,0,0,0,0,benign
2394,ISIC_0015244.png,0,1,0,1,0,0,0,0,0,benign
2395,ISIC_0015245.png,0,1,0,1,0,0,0,0,0,benign
2396,ISIC_0015250.png,0,1,0,1,0,0,0,0,0,benign
2398,ISIC_0015254.png,0,1,0,1,0,0,0,1,0,benign
2399,ISIC_0015255.png,0,1,0,1,0,0,0,0,0,benign
2401,ISIC_0015258.png,0,1,0,1,0,0,0,0,0,benign
2402,ISIC_0015260.png,0,1,0,1,0,0,0,0,0,benign
2403,ISIC_0015264.png,0,1,0,1,0,0,0,1,0,benign
2404,ISIC_0015270.png,1,1,0,1,0,0,0,0,0,benign
2405,ISIC_0015273.png,0,1,0,1,0,0,0,1,0,benign
2406,ISIC_0015274.png,0,1,0,1,0,0,0,0,0,benign
2407,ISIC_0015276.png,0,1,0,1,0,0,0,0,0,benign
2408,ISIC_0015279.png,0,1,0,1,0,0,0,0,0,benign
2409,ISIC_0015283.png,0,1,0,1,0,0,0,0,0,benign
2410,ISIC_0015284.png,0,0,1,1,0,0,0,1,1,malignant
2411,ISIC_0015291.png,0,1,0,1,0,0,0,0,0,benign
2412,ISIC_0015293.png,0,1,0,1,0,0,0,0,0,benign
2413,ISIC_0015295.png,0,1,0,1,0,0,0,1,0,benign
2414,ISIC_0015298.png,0,1,0,1,0,0,0,0,0,benign
2415,ISIC_0015309.png,1,0,1,1,0,0,0,0,0,benign
2416,ISIC_0015310.png,1,1,0,1,0,0,0,1,0,benign
2417,ISIC_0015311.png,0,1,0,1,0,0,0,0,0,benign
2418,ISIC_0015312.png,1,1,0,1,0,0,0,0,0,benign
2419,ISIC_0015313.png,0,1,0,1,0,0,0,0,0,benign
2420,ISIC_0015330.png,0,1,0,1,0,0,0,0,0,benign
2421,ISIC_0015331.png,0,1,0,1,0,0,0,0,0,benign
2422,ISIC_0015353.png,1,0,0,1,0,0,0,0,0,benign
2423,ISIC_0015355.png,0,0,0,1,0,0,0,0,0,benign
2424,ISIC_0015357.png,0,1,0,1,0,0,0,0,0,benign
2425,ISIC_0015360.png,0,0,0,1,0,0,0,1,0,benign
2426,ISIC_0015363.png,0,0,0,1,1,0,0,1,0,benign
2427,ISIC_0015368.png,0,1,0,1,0,0,0,0,0,benign
2428,ISIC_0015369.png,0,1,0,1,0,0,0,0,0,benign
2429,ISIC_0015383.png,0,1,0,0,0,0,0,0,0,benign
2430,ISIC_0015390.png,0,1,0,1,0,0,0,0,0,benign
2431,ISIC_0015395.png,0,1,0,1,0,0,0,0,0,benign
2432,ISIC_0015401.png,0,0,0,1,0,0,0,0,0,benign
2433,ISIC_0015403.png,0,1,0,1,0,0,0,1,0,benign
2434,ISIC_0015404.png,0,1,0,1,0,0,0,1,0,benign
2435,ISIC_0015411.png,0,1,0,1,0,0,0,0,0,benign
2436,ISIC_0015412.png,0,1,0,1,0,0,0,0,0,benign
2437,ISIC_0015416.png,0,1,0,1,0,0,0,0,0,benign
2438,ISIC_0015417.png,0,1,0,1,0,0,0,0,0,benign
2439,ISIC_0015418.png,0,1,0,1,0,0,0,0,0,benign
2440,ISIC_0015419.png,0,1,0,1,0,0,0,0,0,benign
2441,ISIC_0015436.png,0,1,0,1,0,0,0,0,0,benign
2442,ISIC_0015440.png,0,1,0,1,0,0,0,0,0,benign
2443,ISIC_0015443.png,0,1,0,1,0,0,0,0,0,benign
2445,ISIC_0015447.png,0,1,0,1,0,0,0,0,0,benign
2446,ISIC_0015455.png,0,1,0,1,0,0,0,0,0,benign
2447,ISIC_0015464.png,0,1,0,1,0,0,0,0,0,benign
2448,ISIC_0015466.png,0,1,0,1,0,0,0,1,0,benign
2449,ISIC_0015468.png,0,1,0,1,0,0,0,0,0,benign
2450,ISIC_0015476.png,1,1,0,1,0,0,0,0,0,benign
2451,ISIC_0015481.png,0,1,0,1,0,0,0,1,0,benign
2452,ISIC_0015482.png,0,0,0,0,0,0,0,0,0,benign
2453,ISIC_0015483.png,0,1,0,1,0,0,0,1,0,benign
2454,ISIC_0015485.png,0,1,0,1,0,0,0,0,0,benign
2455,ISIC_0015496.png,0,1,0,0,0,0,0,1,0,benign
2456,ISIC_0015510.png,0,0,0,1,1,0,0,0,0,benign
2457,ISIC_0015526.png,1,0,0,1,0,0,0,0,0,benign
2458,ISIC_0015537.png,1,0,0,1,0,0,0,0,0,benign
2459,ISIC_0015544.png,1,0,0,1,0,0,0,0,0,benign
2460,ISIC_0015559.png,1,1,0,1,0,0,0,1,0,benign
2461,ISIC_0015563.png,0,1,0,1,0,0,0,1,0,benign
2462,ISIC_0015566.png,1,1,0,1,0,0,0,0,0,benign
2463,ISIC_0015568.png,1,1,0,1,0,0,0,0,0,benign
2464,ISIC_0015582.png,1,1,0,1,0,0,0,0,0,benign
2465,ISIC_0015593.png,0,1,0,1,0,0,0,1,0,benign
2466,ISIC_0015603.png,0,1,0,0,0,0,0,1,0,benign
2467,ISIC_0015607.png,0,0,0,1,0,0,0,0,0,benign
2468,ISIC_0015614.png,1,0,0,1,0,0,0,0,0,benign
2469,ISIC_0015617.png,0,1,0,1,0,0,0,0,0,benign
2470,ISIC_0015625.png,0,1,0,1,0,0,0,0,0,benign
2471,ISIC_0015627.png,0,0,0,1,0,0,0,0,0,benign
2472,ISIC_0015631.png,0,1,0,1,0,0,0,0,0,benign
2473,ISIC_0015636.png,1,0,0,1,0,0,0,0,0,benign
2474,ISIC_0015638.png,1,1,0,0,0,0,0,0,0,benign
2475,ISIC_0015641.png,1,1,0,1,0,0,0,0,0,benign
2476,ISIC_0015645.png,0,0,0,1,0,0,0,0,0,benign
2477,ISIC_0015936.png,1,1,0,0,1,0,0,0,0,benign
2481,ISIC_0015941.png,0,1,1,0,1,0,0,0,0,benign
2485,ISIC_0015945.png,0,1,1,1,1,1,0,0,0,benign
2494,ISIC_0015955.png,1,1,0,1,1,0,0,0,0,benign
2496,ISIC_0015957.png,1,0,0,1,1,0,0,0,0,benign
2498,ISIC_0015960.png,0,1,1,0,1,0,0,1,0,benign
2500,ISIC_0015962.png,1,1,0,1,1,1,0,0,0,benign
2502,ISIC_0015964.png,1,1,0,1,1,1,0,0,0,benign
2503,ISIC_0015965.png,1,0,0,1,1,0,0,0,0,benign
2505,ISIC_0015967.png,1,1,0,1,1,0,0,0,0,benign
2509,ISIC_0015972.png,0,0,0,1,1,0,0,0,0,benign
2510,ISIC_0015973.png,0,1,0,1,0,0,0,0,0,benign
2511,ISIC_0015974.png,0,1,0,1,0,0,0,0,0,benign
2512,ISIC_0015975.png,0,1,1,1,1,0,0,0,0,benign
2514,ISIC_0015978.png,1,1,0,1,1,0,0,0,0,benign
2516,ISIC_0015981.png,0,1,1,0,1,0,0,1,0,benign
2518,ISIC_0015983.png,1,0,0,1,0,0,0,1,0,benign
2519,ISIC_0015984.png,0,1,0,0,0,0,0,0,0,benign
2520,ISIC_0015985.png,0,1,0,1,0,0,0,0,0,benign
2529,ISIC_0015996.png,0,1,1,0,1,0,0,1,0,benign
2530,ISIC_0015997.png,1,0,0,1,0,0,0,0,0,benign
2536,ISIC_0016005.png,1,1,0,1,1,1,0,0,0,benign
2538,ISIC_0016007.png,1,0,0,1,1,0,0,0,0,benign
2539,ISIC_0016008.png,1,0,0,1,1,0,0,1,0,benign
2540,ISIC_0016009.png,1,1,0,0,1,0,0,0,0,benign
2543,ISIC_0016013.png,0,1,1,0,1,0,0,0,0,benign
2545,ISIC_0016015.png,0,1,1,0,1,0,0,0,0,benign
2546,ISIC_0016016.png,1,0,0,1,1,0,0,0,0,benign
2548,ISIC_0016019.png,1,1,0,1,0,1,0,1,0,benign
2549,ISIC_0016022.png,1,0,0,1,1,0,0,0,0,benign
2550,ISIC_0016023.png,1,0,0,1,1,0,0,1,0,benign
2553,ISIC_0016026.png,0,1,1,0,1,0,0,0,0,benign
2555,ISIC_0016028.png,1,0,0,1,0,0,0,0,0,benign
2566,ISIC_0016042.png,1,1,0,1,1,0,0,0,0,benign
2567,ISIC_0016043.png,1,1,0,1,1,1,0,0,0,benign
2570,ISIC_0016046.png,0,0,1,0,0,0,0,0,0,benign
2574,ISIC_0016052.png,1,1,0,1,1,0,0,0,0,benign
2575,ISIC_0016053.png,1,0,0,1,1,0,0,0,0,benign
2576,ISIC_0016054.png,1,0,0,1,1,0,0,0,0,benign
2580,ISIC_0016058.png,1,1,0,0,1,0,0,0,0,benign
2583,ISIC_0016061.png,1,1,0,0,1,0,0,0,0,benign
2585,ISIC_0016063.png,1,0,0,1,1,0,0,0,0,benign
2586,ISIC_0016064.png,1,0,0,1,1,0,0,0,0,benign
2588,ISIC_0016066.png,1,1,0,0,1,0,0,0,0,benign
2591,ISIC_0016070.png,1,1,0,1,1,0,0,0,0,benign
